cagr,annualized_volatility,sharpe,sortino,maximum_drawdown,calmar,monthly_var_95,monthly_es_95,observations,ending_wealth_multiple,bankrupt_flag,strategy,formation_period,frequency,holdings_n,maintenance,return_type,average_long_exposure,average_short_exposure,total_borrow_cost_inr,total_tax_inr,time_below_prior_peak,average_drawdown,longest_underwater_trading_days,longest_underwater_years
0.2512279755162969,0.2412524684481317,0.7784028370412279,1.0792349759295574,-0.7590587132884286,0.3309730474312267,0.1262822718435841,0.2062389050896414,4771,75.96940736961068,False,jt_academic,6M,1M,12,winner_drift,academic_raw,0.7231916526810757,0.9077119858480353,0.0,,0.9138545378327396,-0.2389237697422773,1581,6.273809523809524
0.2187399655406867,0.2430891555536527,0.6638445873142512,0.9165995501773616,-0.7669385100881602,0.2852118685701966,0.1321466039628673,0.2095593830025481,4771,45.69709281055432,False,jt_academic,6M,1M,12,winner_drift,academic_borrow_3pct,0.7357285133464193,0.9429203506709036,153881020.7909482,,0.9182561307901907,-0.2698228743105071,1581,6.273809523809524
0.1848388045693554,0.2454935923192647,0.5424062635094536,0.7464729699366179,-0.7745965751821557,0.2386258995863599,0.1389349571457686,0.2130951955727229,4771,26.495474399695816,False,jt_academic,6M,1M,12,winner_drift,academic_borrow_6pct,0.7515711603664311,0.9886421631580168,227451415.22548705,,0.9230769230769232,-0.2990177495881846,1581,6.273809523809524
0.1084281886156919,0.2559041864198811,0.2640146899391772,0.3660996579737327,-0.8414835050666445,0.1288536114645581,0.1548960944113454,0.221184904041644,4771,7.30794691844956,False,jt_academic,6M,1M,12,winner_drift,academic_borrow_12pct,0.8041243549358238,1.1487364305177954,248074458.12461057,,0.9346049046321526,-0.3549780396954027,1581,6.273809523809524
0.3032178453291103,0.1720002546516345,1.248374399736523,1.770699306354494,-0.5123487017447053,0.5918192908395398,0.0935595945011604,0.1362992802636487,4771,166.81892012453025,False,jt_academic,6M,1M,24,winner_drift,academic_raw,0.6603849562187762,0.7965975352876664,0.0,,0.8669042129532593,-0.1017396959334886,893,3.5436507936507935
0.2732264714749455,0.1727108098633455,1.1061101206970132,1.5592566006541195,-0.528045563730094,0.5174297262245401,0.0954058722488474,0.1389803968480714,4771,106.38578672061546,False,jt_academic,6M,1M,24,winner_drift,academic_borrow_3pct,0.6671534986555375,0.8138609277454395,195299517.0580159,,0.8817857891427374,-0.1172350443115871,927,3.678571428571429
0.2427011980584943,0.1735144259757001,0.9588279658945822,1.3432276715226723,-0.5433577569645563,0.4466692431416341,0.0972761240635535,0.1417683846612862,4771,66.56724249280384,False,jt_academic,6M,1M,24,winner_drift,academic_borrow_6pct,0.6750003143139748,0.8341322608478322,286892440.7596339,,0.8975057639907776,-0.1385483594058121,1580,6.26984126984127
0.1788586420176157,0.1755815197510802,0.6426778200636339,0.889163514410787,-0.572863857009315,0.3122184090149492,0.1011067360715622,0.1478071186594642,4771,24.027746714303987,False,jt_academic,6M,1M,24,winner_drift,academic_borrow_12pct,0.6956841420283973,0.8885439109736251,307546332.6154729,,0.9111297421924124,-0.2083112871697706,1580,6.26984126984127
0.2340167424893902,0.1443067768453283,1.0747745716468322,1.3831554483764228,-0.4764840209882006,0.4911324035673911,0.0707759357860998,0.1330978837066731,4771,58.131995814821586,False,jt_academic,6M,1M,50,winner_drift,academic_raw,0.6310013062934756,0.7265289773754964,0.0,,0.8585202263676378,-0.1108998665123577,1564,6.2063492063492065
0.2078667007673356,0.1451003219235734,0.9189538816488924,1.1753894378665055,-0.4909977666541678,0.4233556950448323,0.0726039765823368,0.1354154237062322,4771,38.43176502295939,False,jt_academic,6M,1M,50,winner_drift,academic_borrow_3pct,0.6375028788918332,0.7392362221583404,72892835.757047,,0.8687906099350241,-0.1356871208413345,1580,6.26984126984127
0.1813849255782629,0.1459563847466063,0.7593805928445851,0.9653410914493876,-0.5055776372680235,0.3587676989797409,0.0749146387731093,0.137786743878514,4771,25.04238357895074,False,jt_academic,6M,1M,50,winner_drift,academic_borrow_6pct,0.6450825400574998,0.7540255097984344,110969515.75429742,,0.8786417941731294,-0.1597595674696566,1580,6.26984126984127
0.1265812193521682,0.1479268343676336,0.4236342934607335,0.531978077702671,-0.5871108012011454,0.2156002224677199,0.0801604609028404,0.142746621984267,4771,10.002396636342825,False,jt_academic,6M,1M,50,winner_drift,academic_borrow_12pct,0.665119330419221,0.7929273113596146,129188997.27482164,,0.8977153636554182,-0.2053671395806372,1580,6.26984126984127
0.2589645825175071,0.2294178594284694,0.8356054016065666,1.1402945306284622,-0.7398643272607524,0.3500163110665011,0.1103513474683342,0.1979092813657137,4729,82.40110834896443,False,jt_academic,6M,3M,12,winner_drift,academic_raw,0.6269838869670804,0.753268409733702,0.0,,0.9042080778177204,-0.2061226509776968,1077,4.273809523809524
0.2315093235022438,0.2307259261712114,0.7345951750862217,0.9984243745763234,-0.7495595472776225,0.3088604825901807,0.1127047195481539,0.200692111746366,4729,54.01218685980316,False,jt_academic,6M,3M,12,winner_drift,academic_borrow_3pct,0.6352510584814904,0.770468525402792,93102779.3288985,,0.9149925988581096,-0.236951022463196,1616,6.412698412698413
0.2034272592490422,0.2321189772808141,0.6301239117693767,0.8530028822490501,-0.7589923946156645,0.2680227900729531,0.1151273720176287,0.2035580612119296,4729,34.720199480573406,False,jt_academic,6M,3M,12,winner_drift,academic_borrow_6pct,0.6448445168829137,0.7905156064638091,140958702.01290652,,0.92091351237048,-0.2680904999587768,1617,6.416666666666667
0.1441688671627417,0.2352484910678561,0.4057723275312745,0.5449294717627454,-0.7770904426415716,0.185523922637199,0.118902489857314,0.2096748794366582,4729,13.197153228905345,False,jt_academic,6M,3M,12,winner_drift,academic_borrow_12pct,0.6702136508554901,0.8438025933905245,161291306.88624555,,0.9306407274265172,-0.3260802917077634,1617,6.416666666666667
0.2897048352517288,0.182166071397199,1.130730431710428,1.6110772544186174,-0.67554087402939,0.4288487142513378,0.0880337360952842,0.1475215333027254,4729,130.8081198510013,False,jt_academic,6M,3M,24,winner_drift,academic_raw,0.6077091415414285,0.693286387599449,0.0,,0.853668851765701,-0.0909729381966571,554,2.1984126984126986
0.2637726804568909,0.1832353794921662,1.0118115115275097,1.4343779942296906,-0.6866092827816588,0.3841670759070854,0.089999872027678,0.149875346818345,4729,88.64333464230107,False,jt_academic,6M,3M,24,winner_drift,academic_borrow_3pct,0.6136367269541505,0.7040517290059499,118076236.18900578,,0.8657221399873123,-0.103312293036669,932,3.6984126984126986
0.2375671104034662,0.1843546284472172,0.8905512962337602,1.2560479592386726,-0.6990894814169033,0.3398236087345629,0.0926109881572065,0.152274682201551,4729,59.33566718842703,False,jt_academic,6M,3M,24,winner_drift,academic_borrow_6pct,0.6202162011256436,0.7160639208201115,177721635.7164698,,0.8788327341932756,-0.1184586341384096,1067,4.234126984126984
0.1838589214584332,0.1867702068121925,0.6385913581601581,0.8913186029393892,-0.7230831453928428,0.2542707884008895,0.0974453475944735,0.1576230110809603,4729,25.362277650425593,False,jt_academic,6M,3M,24,winner_drift,academic_borrow_12pct,0.6360462302193925,0.745137545830322,199617702.98604736,,0.9012476210615352,-0.1565585270752556,1130,4.484126984126984
0.2221001075587823,0.1589880518335838,0.9262412248329408,1.2431949002120712,-0.6871439385843134,0.3232221010584237,0.0661595943321183,0.13991184238135,4729,46.63179699719272,False,jt_academic,6M,3M,50,winner_drift,academic_raw,0.5993534510869435,0.6679521239707131,0.0,,0.8602241488686826,-0.1105560330055058,888,3.5238095238095237
0.198360739183609,0.1601414413007287,0.7955544869133628,1.0624600871204468,-0.6919581807426061,0.2866657909452408,0.0680582297355879,0.1422878515954597,4729,32.024461926764566,False,jt_academic,6M,3M,50,winner_drift,academic_borrow_3pct,0.6054817303727534,0.6771897125671817,45461624.36921145,,0.8722774370902939,-0.1246019840390622,947,3.757936507936508
0.1744403027191468,0.1613437157407631,0.6631675307887148,0.8812267921139334,-0.6967768671503105,0.2503531775280881,0.0706612815553178,0.1448072057936138,4729,21.763734493049192,False,jt_academic,6M,3M,50,winner_drift,academic_borrow_6pct,0.6123494178515806,0.6875197777927474,69967605.21537016,,0.8879255656587016,-0.1403775274778006,1031,4.091269841269841
0.1256484228657044,0.1639195777673194,0.390991026269381,0.5143273927765661,-0.7064292467125273,0.1778641292817757,0.0757450263673297,0.1501034368904417,4729,9.65405007566791,False,jt_academic,6M,3M,50,winner_drift,academic_borrow_12pct,0.6291555769644326,0.712667381783633,83068121.91808131,,0.9099175301332204,-0.1923074261452307,1600,6.349206349206349
0.2503343900748733,0.2004300958836681,0.8883934310860077,1.2658106697377347,-0.4215878519865803,0.5937893819645491,0.085603644407625,0.1347315585803846,4729,72.22797283051085,False,jt_academic,6M,6M,12,winner_drift,academic_raw,0.5748956925376244,0.5916969618375743,0.0,,0.8883484880524424,-0.0977301360797082,739,2.9325396825396823
0.2291748830391127,0.2016460148991451,0.7977713158376216,1.1326820203071983,-0.4299561969179577,0.5330191416751293,0.0872478537875905,0.1370617491250729,4729,52.08421127673403,False,jt_academic,6M,6M,12,winner_drift,academic_borrow_3pct,0.5832511448071706,0.6005663166594403,55822768.37550416,,0.8991330090928314,-0.1064208228678069,779,3.0912698412698414
0.2077299200714413,0.2029141439188119,0.7054456603623436,0.9980710745844276,-0.438317749689292,0.4739254119156564,0.0888972898769442,0.1394523332260514,4729,37.17703896466869,False,jt_academic,6M,6M,12,winner_drift,academic_borrow_6pct,0.5925386720086975,0.6103093908588487,88555864.30028309,,0.9063226897864242,-0.1158792990119684,786,3.119047619047619
0.1636534465377395,0.2056378941678665,0.5141738149725964,0.7223487751837511,-0.4550220749192738,0.3596604550818189,0.0922920184302082,0.1444545103326311,4729,18.237565819665956,False,jt_academic,6M,6M,12,winner_drift,academic_borrow_12pct,0.6148463500378023,0.6332443448814762,110881929.79614273,,0.9266229646859802,-0.1407191395423313,876,3.4761904761904763
0.2805920160665522,0.1431845337697486,1.3435048712044575,1.9487827138157028,-0.2856299417225275,0.9823620534122108,0.0555026918984049,0.0897401112827341,4729,114.19334240189474,False,jt_academic,6M,6M,24,winner_drift,academic_raw,0.5484605074149943,0.5528298429119602,0.0,,0.8397124127722563,-0.0417255643521009,348,1.380952380952381
0.260629535347894,0.1439333163263086,1.2255692453002205,1.7688908206367275,-0.2944001477666347,0.8852900969142515,0.0573162104100923,0.0919192401690642,4729,84.51394227724123,False,jt_academic,6M,6M,24,winner_drift,academic_borrow_3pct,0.5540135461614968,0.5596630714743523,66690547.888098136,,0.8488052442376823,-0.0453288965779733,348,1.380952380952381
0.2404916587876728,0.1447141978034656,1.1059001259053618,1.588199505532712,-0.3031482506033647,0.7933136948968545,0.0591743951608651,0.0941495237050383,4729,62.080213531191646,False,jt_academic,6M,6M,24,winner_drift,academic_borrow_6pct,0.5600517893246912,0.5670995494579781,106728543.73660192,,0.8619158384436456,-0.0494180856058464,669,2.6547619047619047
0.1994718821557679,0.146390327177793,0.8600118064437312,1.2226210913926103,-0.3205783750961786,0.6222250084583004,0.0630548600455367,0.0987927555892658,4729,32.59811006862571,False,jt_academic,6M,6M,24,winner_drift,academic_borrow_12pct,0.574006789853,0.5842955329220458,136204348.58938166,,0.8845421865087756,-0.0624117626178521,781,3.0992063492063493
0.2370330661673869,0.1085795123951531,1.4058099519011156,2.064311165036282,-0.3277492624486225,0.7232146440132534,0.0411194872643295,0.0707083538020934,4729,58.84707621255718,False,jt_academic,6M,6M,50,winner_drift,academic_raw,0.5516735054541508,0.5521688520376754,0.0,,0.8162402199196448,-0.0422863794261341,507,2.011904761904762
0.2174888984953313,0.1091387606469306,1.2497695326341294,1.8218835878452075,-0.3320118379921071,0.6550636863150094,0.0427272279911714,0.0724567394624035,4729,43.37416628509465,False,jt_academic,6M,6M,50,winner_drift,academic_borrow_3pct,0.5570294581087432,0.5587637190787965,39958129.64509814,,0.829985197716219,-0.0465483381397637,533,2.115079365079365
0.1977956907761697,0.1097237197178139,1.091584051785651,1.5796973784937582,-0.3363022336603324,0.5881486085398552,0.0443870896786935,0.0742455533560372,4729,31.736428055360687,False,jt_academic,6M,6M,50,winner_drift,academic_borrow_6pct,0.5628430209729933,0.565944749046011,64159673.47632491,,0.8441530979065341,-0.0517753345011276,552,2.1904761904761907
0.1577563231677188,0.1109845340400516,0.7670988725652822,1.0938360954488258,-0.3494022390928953,0.4515034694032863,0.0479259129915704,0.0779887833402357,4729,16.546172545405167,False,jt_academic,6M,6M,50,winner_drift,academic_borrow_12pct,0.5762462561461966,0.5825669361494674,82690924.38820024,,0.8777754282089236,-0.0651200879850246,602,2.388888888888889
