cagr,annualized_volatility,sharpe,sortino,maximum_drawdown,calmar,monthly_var_95,monthly_es_95,observations,ending_wealth_multiple,bankrupt_flag,strategy,formation_period,frequency,holdings_n,maintenance,average_drawdown,time_below_prior_peak,longest_underwater_trading_days,start_date,end_date
0.09046269607135238,0.260152754794541,0.1998318778524607,0.26707676712071254,-0.81566270568795,0.11090699064762795,0.13368325874835582,0.19482201112792477,4729,5.254127950611623,False,jensen_alpha,12M,1M,12,equal_weight,-0.34342911228871237,0.9627828293508142,1932,2007-07-02,2026-08-28
0.08034437975341224,0.19774115946982296,0.14201106158520285,0.1880099998408849,-0.8074904118309738,0.09949886534408801,0.09334982329177505,0.16688633572426492,4729,4.394836570647998,False,jensen_alpha,12M,1M,12,winner_drift,-0.24247760760832576,0.9365616409388877,1944,2007-07-02,2026-08-28
0.11587685341884235,0.2118608073026528,0.3020125549629037,0.3989923449723745,-0.7710519832660142,0.15028410007845688,0.11514636162234222,0.17564710753280532,4729,8.169069306068465,False,jensen_alpha,12M,1M,24,equal_weight,-0.29048716698673976,0.9465003171917953,1720,2007-07-02,2026-08-28
0.10596363788765317,0.16590289080004456,0.2779834270094769,0.3698313356667961,-0.7665017801290565,0.13824317259877988,0.07669374185492119,0.14980274419995684,4729,6.885447089204441,False,jensen_alpha,12M,1M,24,winner_drift,-0.18116959535587246,0.9187989004017763,1643,2007-07-02,2026-08-28
0.1299727499935337,0.20171981794171473,0.3703750163492231,0.48320460891817923,-0.7389581101407164,0.17588649235987622,0.10235655473945278,0.16765973818813232,4729,10.389853255707333,False,jensen_alpha,12M,1M,50,equal_weight,-0.2579115788354563,0.9264115034891097,1644,2007-07-02,2026-08-28
0.11962339669619415,0.1753972219577007,0.3437516481311954,0.4503358078934354,-0.752158512482051,0.15904014208580636,0.08664736541551729,0.15612876659847516,4729,8.710818741270044,False,jensen_alpha,12M,1M,50,winner_drift,-0.23092961210949917,0.9207020511736096,1649,2007-07-02,2026-08-28
0.10145936055780935,0.23186390831241258,0.2379869944296844,0.31911030903328685,-0.7946606674808637,0.1276763336978077,0.10562270744170336,0.18656023838748712,4729,6.367651762223863,False,jensen_alpha,12M,3M,12,equal_weight,-0.29457990444284937,0.9528441530979065,1653,2007-07-02,2026-08-28
0.11549504035030123,0.20680258702215518,0.3025031921706075,0.4100892268213641,-0.7573802765559032,0.1524928017342902,0.1010960423141471,0.16724697455936097,4729,8.115689099664241,False,jensen_alpha,12M,3M,12,winner_drift,-0.2238797192764341,0.9371960245294988,1579,2007-07-02,2026-08-28
0.11772935797580164,0.2155024442671904,0.30838690506691085,0.4094997807178151,-0.7502986473173591,0.15690999630178573,0.1090584868451097,0.174293313475831,4729,8.432821102537908,False,jensen_alpha,12M,3M,24,equal_weight,-0.25361853965919695,0.9403679424825544,1641,2007-07-02,2026-08-28
0.10969879577528752,0.17860101627966096,0.28973995093029714,0.3906160005261824,-0.7466441072989265,0.14692246908923703,0.08065193062763666,0.1528175597995304,4729,7.344846406499861,False,jensen_alpha,12M,3M,24,winner_drift,-0.1766791584195977,0.9234510467329246,1601,2007-07-02,2026-08-28
0.11795993983148034,0.2023327562827853,0.31590223781897664,0.41262601968113993,-0.7427555556176741,0.15881394482924477,0.10481929813188287,0.16992516910458,4729,8.466209575914084,False,jensen_alpha,12M,3M,50,equal_weight,-0.24830690363713243,0.9342355677733136,1599,2007-07-02,2026-08-28
0.1153971210794078,0.1797189246716413,0.31833784291601763,0.4184250838534212,-0.7583931639443457,0.15216002275025273,0.0950168555583165,0.15869257866569567,4729,8.102052643490426,False,jensen_alpha,12M,3M,50,winner_drift,-0.2240813596446508,0.9323324170014802,1637,2007-07-02,2026-08-28
0.0916815867821621,0.23674564456930453,0.19956889948677786,0.26790496576914574,-0.7911736702102862,0.11588048267303186,0.1181802639987738,0.19850142176240892,4729,5.3677830912916615,False,jensen_alpha,12M,6M,12,equal_weight,-0.27970370373865094,0.9593994502008881,1644,2007-07-02,2026-08-28
0.1100338387693498,0.201145663766926,0.28022952509031085,0.3812394694569286,-0.7129660266874621,0.1543325132623529,0.09263266095231192,0.16442980904627155,4729,7.387444543249988,False,jensen_alpha,12M,6M,12,winner_drift,-0.2237461863546037,0.946923239585536,1601,2007-07-02,2026-08-28
0.0874562179872258,0.2077308003350644,0.17694662070497866,0.2335734279606273,-0.7323235785454911,0.11942291706751747,0.10758988635457221,0.17077915546051403,4729,4.983461304471589,False,jensen_alpha,12M,6M,24,equal_weight,-0.23561598763330568,0.9509410023260731,1599,2007-07-02,2026-08-28
0.10833301611905966,0.19145385845290763,0.276199860543665,0.36909624922588663,-0.7079791405871892,0.15301724289392138,0.09876444906506625,0.158058382063606,4729,7.173594891120211,False,jensen_alpha,12M,6M,24,winner_drift,-0.19268871378013033,0.9422710932543878,1551,2007-07-02,2026-08-28
0.09563388760674219,0.19733787219138244,0.21436453517382234,0.2798665207698869,-0.7470521807018358,0.12801500360643708,0.10357037462589562,0.1706821779926524,4729,5.752556759753856,False,jensen_alpha,12M,6M,50,equal_weight,-0.24907505519344122,0.9416367096637767,1643,2007-07-02,2026-08-28
0.09918719029603706,0.17783798098623088,0.23565413925707088,0.3098965526461573,-0.7574111915501476,0.1309555382896266,0.08212639401164643,0.161140270123626,4729,6.12067281941198,False,jensen_alpha,12M,6M,50,winner_drift,-0.21989088009805546,0.9346584901670544,1598,2007-07-02,2026-08-28
0.09001290200417156,0.23196960231946026,0.19200264364220457,0.2567919653395658,-0.8180196284806616,0.1100375820704399,0.1082314925136722,0.18048991942758097,4729,5.212766123413849,False,jensen_alpha,6M,1M,12,equal_weight,-0.3270416104682355,0.9727215056037217,1675,2007-07-02,2026-08-28
0.07243486749719197,0.1781621987398179,0.09442284548611596,0.12527010816236384,-0.8263863079842363,0.0876525503839467,0.08213850360405815,0.16375343449638058,4729,3.817754372768657,False,jensen_alpha,6M,1M,12,winner_drift,-0.2666461514514186,0.9475576231761472,1944,2007-07-02,2026-08-28
0.1064959451537697,0.2143578199590699,0.26089293982898154,0.34368527442626046,-0.7983393074579619,0.13339684537501925,0.11540191107639505,0.17872855322274564,4729,6.949210869603504,False,jensen_alpha,6M,1M,24,equal_weight,-0.304848676796368,0.9617255233664622,1643,2007-07-02,2026-08-28
0.10010077471308465,0.16577720322555475,0.24555991639832012,0.32077850955398746,-0.8061482637490842,0.12417166818365968,0.08137348103756605,0.15385914788416097,4729,6.218865246470896,False,jensen_alpha,6M,1M,24,winner_drift,-0.22281784460063453,0.9287375766546838,1654,2007-07-02,2026-08-28
0.12846673917610474,0.20870244740520183,0.35847952293345636,0.4667562798014042,-0.787904268080891,0.16304866514940058,0.10837790118289722,0.17494334022767646,4729,10.127766723137913,False,jensen_alpha,6M,1M,50,equal_weight,-0.2668728420549854,0.939522097695073,1598,2007-07-02,2026-08-28
0.11165913569512553,0.16304803165173928,0.31238105447067577,0.40567989347712835,-0.7849292710697694,0.1422537543324723,0.0846900799640189,0.14648864859768634,4729,7.597432874911799,False,jensen_alpha,6M,1M,50,winner_drift,-0.2035557102607541,0.9071685345739057,1598,2007-07-02,2026-08-28
0.05642924883262235,0.24952132113820866,0.06734013207073787,0.09049767040573388,-0.871536686877177,0.06474684276896625,0.12310553095898168,0.20444504203797878,4729,2.862231208378986,False,jensen_alpha,6M,3M,12,equal_weight,-0.3577319007370777,0.9788538803129626,2407,2007-07-02,2026-08-28
0.037530793235452053,0.17484486613668807,-0.10002641651139274,-0.1302420627990023,-0.8643517949466741,0.043420738471153984,0.07154199939061269,0.17396389078095353,4729,2.0254752240231215,False,jensen_alpha,6M,3M,12,winner_drift,-0.40418334648871895,0.9868894057940368,4545,2007-07-02,2026-08-28
0.09727446674510976,0.21768674602814275,0.2208362238896621,0.2929183118365668,-0.8018733706596111,0.12130901250043132,0.12000143236303908,0.17679940148416998,4729,5.919830742275149,False,jensen_alpha,6M,3M,24,equal_weight,-0.27426572382665454,0.9591879890040178,1686,2007-07-02,2026-08-28
0.09800991433240114,0.16756806731999788,0.2329930204640226,0.30803073034972533,-0.801750048494953,0.12224497462318283,0.08825916159453964,0.15665905398510202,4729,5.996304435477489,False,jensen_alpha,6M,3M,24,winner_drift,-0.20327605408774588,0.9321209558046099,1734,2007-07-02,2026-08-28
0.11854015312301014,0.21562343887489768,0.3118998704349633,0.40788413360016074,-0.8030842489342651,0.14760612386598185,0.11303550272697398,0.17831938649115883,4729,8.550780207596441,False,jensen_alpha,6M,3M,50,equal_weight,-0.2780725913033224,0.9426940156481286,1680,2007-07-02,2026-08-28
0.10743136303772816,0.18709800449732594,0.2739680691464107,0.3587661134087261,-0.8071401374515328,0.13310125225209632,0.09655566847937294,0.1696242995798575,4729,7.062620360421987,False,jensen_alpha,6M,3M,50,winner_drift,-0.23569141068834804,0.9420596320575174,1687,2007-07-02,2026-08-28
0.013711807920102848,0.20527840259749894,-0.17270920573873158,-0.2283205726870872,-0.8550784534779466,0.01603573083186862,0.11060485995932043,0.1922872743183691,4729,1.2980835649313869,False,jensen_alpha,6M,6M,12,equal_weight,-0.5864405788941828,0.989849862550222,4597,2007-07-02,2026-08-28
0.046332871451974844,0.16945079626028287,-0.05800370464227094,-0.07661766327536552,-0.7777392935034512,0.05957378242169173,0.09287839912956095,0.16689731852397646,4729,2.381280798009318,False,jensen_alpha,6M,6M,12,winner_drift,-0.295868381027577,0.9754705011630366,1948,2007-07-02,2026-08-28
0.07156528692783781,0.2168911192965813,0.10926535401891013,0.14358607037643156,-0.8051220747845581,0.0888874981436671,0.12028169668631226,0.18693419355110116,4729,3.7588869965138114,False,jensen_alpha,6M,6M,24,equal_weight,-0.312639643231245,0.96045675618524,1946,2007-07-02,2026-08-28
0.08415490224333166,0.15331134415108927,0.1549841032977908,0.20277057590024372,-0.730772688402864,0.11515879503824358,0.07743557382800936,0.15126903431518088,4729,4.701492040774705,False,jensen_alpha,6M,6M,24,winner_drift,-0.22316917709477485,0.9422710932543878,1939,2007-07-02,2026-08-28
0.09581491370780215,0.20679268400307435,0.21470515175657257,0.28041013101647877,-0.808137275610703,0.11856267072372768,0.11847827132923554,0.18217921494834655,4729,5.770791931599044,False,jensen_alpha,6M,6M,50,equal_weight,-0.2897353725966282,0.9424825544512582,1966,2007-07-02,2026-08-28
0.08057561975980398,0.15333338358076454,0.1330258187557115,0.17298482154202288,-0.7557927345263853,0.10661073609062463,0.0743470535807561,0.14802606752482408,4729,4.412892059512735,False,jensen_alpha,6M,6M,50,winner_drift,-0.23400154571040474,0.9342355677733136,2274,2007-07-02,2026-08-28
0.19030324749734207,0.2573687995045888,0.5527764679293974,0.7464399890671292,-0.7268635633245252,0.261814262124977,0.13723451698831815,0.22153340283239323,4729,28.141903818015827,False,jt_academic,12M,1M,12,equal_weight,-0.21296951779185236,0.9319094946077395,1309,2007-07-02,2026-08-28
0.19018931397498196,0.2585011777319236,0.5499066640884266,0.7458661710361619,-0.7332309696581697,0.25938527127904554,0.1335793557543525,0.21863270623629041,4729,28.090346337570413,False,jt_academic,12M,1M,12,winner_drift,-0.21343533596267056,0.9308521886233876,1379,2007-07-02,2026-08-28
0.16892642292036686,0.18429812952295857,0.5753027565253139,0.790432634079085,-0.666641854138822,0.25339906558760633,0.1029026602310077,0.1792166157218992,4729,19.887556817181046,False,jt_academic,12M,1M,24,equal_weight,-0.19889502410501173,0.9223937407485726,1314,2007-07-02,2026-08-28
0.1832968265671664,0.1821159028505726,0.6480576548119639,0.9041198793863534,-0.637411562952846,0.287564326128684,0.10710504282877269,0.16907646905657223,4729,25.132584177227297,False,jt_academic,12M,1M,24,winner_drift,-0.18220032889440613,0.9149925988581096,1313,2007-07-02,2026-08-28
0.19549669740829345,0.13722881949712973,0.8836350691420061,1.2399963886487686,-0.5525365066493386,0.35381679772403407,0.0801364730004505,0.1396242055290919,4729,30.58963664885514,False,jt_academic,12M,1M,50,equal_weight,-0.12050802034685479,0.8868682596743498,1172,2007-07-02,2026-08-28
0.20647928967119156,0.13594204620442615,0.9593564861152496,1.3630539912800952,-0.5430942590250828,0.38019052170031375,0.0753123387339604,0.13346828000319164,4729,36.44644200897118,False,jt_academic,12M,1M,50,winner_drift,-0.1108750816729726,0.8817931909494607,839,2007-07-02,2026-08-28
0.24532979991909798,0.24278272967037626,0.7566850854077136,1.0772646609815246,-0.6212773864291458,0.39487965484975346,0.09573538726755919,0.18211406868836133,4729,66.88647239542499,False,jt_academic,12M,3M,12,equal_weight,-0.1356893471724277,0.9008246986677945,837,2007-07-02,2026-08-28
0.2349312706759925,0.2396626561776162,0.7285842330661622,1.0148058183724582,-0.5697716235309704,0.41232532645287595,0.09637827678362637,0.1715714043107249,4729,56.960952076079984,False,jt_academic,12M,3M,12,winner_drift,-0.13571686304696232,0.9004017762740537,845,2007-07-02,2026-08-28
0.20365043568848074,0.18703717710786322,0.7293232464239551,1.0223162210765206,-0.7159123469509365,0.28446280687269315,0.08615434982477413,0.16833850346164833,4729,34.84375543927923,False,jt_academic,12M,3M,24,equal_weight,-0.15536814510184255,0.8955381687460351,1118,2007-07-02,2026-08-28
0.19666502451713286,0.18808982949194633,0.6945230545050263,0.9686595958745358,-0.7320148014457115,0.2686626337728748,0.08793932638805599,0.1636795880213378,4729,31.16742603620299,False,jt_academic,12M,3M,24,winner_drift,-0.15709511117152286,0.8968069359272574,1183,2007-07-02,2026-08-28
0.20146870375769965,0.15989690377971796,0.8110942891015451,1.1437648609571032,-0.7447947415010829,0.2705023176609078,0.06260208512994693,0.14244036755514144,4729,33.653565068240546,False,jt_academic,12M,3M,50,equal_weight,-0.11904709243318236,0.8678367519560161,870,2007-07-02,2026-08-28
0.19955760682878276,0.16335102454348455,0.7872016282094838,1.118142314303096,-0.7574236227053951,0.26346895032926904,0.06495137379019487,0.14050198360267704,4729,32.64276934059455,False,jt_academic,12M,3M,50,winner_drift,-0.11494141079955847,0.867202368365405,847,2007-07-02,2026-08-28
0.23657569062291928,0.19972409320422735,0.8336671339035322,1.2078023944191623,-0.6275156213484552,0.3770036674378667,0.0799598705394128,0.13246363358088112,4729,58.43166228442417,False,jt_academic,12M,6M,12,equal_weight,-0.1344080401476463,0.9020934658490167,1384,2007-07-02,2026-08-28
0.23395923963168275,0.2105874735019949,0.7913604007141567,1.1402750145519995,-0.6819790965195383,0.34305925331976794,0.08203711415996087,0.14606968265527523,4729,56.108174485692594,False,jt_academic,12M,6M,12,winner_drift,-0.14596913254909089,0.9031507718333686,1531,2007-07-02,2026-08-28
0.2220337065467699,0.1445484904418744,1.001600538517293,1.4485763721259328,-0.5491623098924694,0.40431344713049583,0.047747585565918106,0.09868367845932653,4729,46.58328406656452,False,jt_academic,12M,6M,24,equal_weight,-0.07244864179168056,0.8680482131528865,603,2007-07-02,2026-08-28
0.21738022214369224,0.14942339089786807,0.9475970542774643,1.3669152776596294,-0.5938505635641966,0.366052060031754,0.05062159164149535,0.10194022685023145,4729,43.300057288674736,False,jt_academic,12M,6M,24,winner_drift,-0.07840966846781763,0.8727003594840347,613,2007-07-02,2026-08-28
0.19378143319916585,0.10727988670598426,1.0830024050319327,1.5628185887626396,-0.4186480234029111,0.4628743535537218,0.03772456648935949,0.08799145891246762,4729,29.759725974736874,False,jt_academic,12M,6M,50,equal_weight,-0.052880112429683525,0.8500740114189046,598,2007-07-02,2026-08-28
0.18721946311166726,0.10964293177425147,1.010516412656709,1.4527950026934284,-0.4628055155386883,0.40453161603692384,0.03897414053782102,0.08933125847661728,4729,26.777577408288003,False,jt_academic,12M,6M,50,winner_drift,-0.05718850600801139,0.8545146965531825,627,2007-07-02,2026-08-28
0.15793024198800776,0.2520249755406859,0.44388538599866256,0.5978851634849834,-0.7959896848855956,0.19840739771735413,0.15041812425737042,0.22168953022334859,4729,16.59385306671167,False,jt_academic,6M,1M,12,equal_weight,-0.31750170657147797,0.9289490378515542,1581,2007-07-02,2026-08-28
0.18325215254809635,0.2463098091849325,0.5365312612044477,0.7382503204435137,-0.7745965751821555,0.23657754038610673,0.14141500846360425,0.21309519557272294,4729,25.11441349323513,False,jt_academic,6M,1M,12,winner_drift,-0.30147159478730623,0.9245083527172764,1581,2007-07-02,2026-08-28
0.21843218534076403,0.17966747979227873,0.8218060865754312,1.1178916500113345,-0.5448583831063172,0.4008971727579013,0.1061693673676875,0.15480015686902307,4729,44.02248575523171,False,jt_academic,6M,1M,24,equal_weight,-0.1740113071428338,0.8978642419116092,1579,2007-07-02,2026-08-28
0.2419503549952149,0.17402349270713158,0.9540371279255604,1.3363211539143085,-0.5433577569645557,0.44528738550979735,0.09753641446186495,0.1417683846612862,4729,63.49368970183688,False,jt_academic,6M,1M,24,winner_drift,-0.13970927190318733,0.8982871643053499,1580,2007-07-02,2026-08-28
0.17894446438887646,0.14522332773294686,0.7479082791464094,0.9603861730742826,-0.5340998719984364,0.335039332099672,0.0841090844395418,0.14267165557478956,4729,23.41960747567733,False,jt_academic,6M,1M,50,equal_weight,-0.17383759648782518,0.8779868894057941,1580,2007-07-02,2026-08-28
0.17964304193034408,0.1463861701366749,0.7484139215473807,0.9507170372325675,-0.5055776372680232,0.3553223653266718,0.07576475806910857,0.13778674387851408,4729,23.686883734516115,False,jt_academic,6M,1M,50,winner_drift,-0.16114403720282058,0.8811588073588497,1580,2007-07-02,2026-08-28
0.2087549500669792,0.23281675112393535,0.648267587789132,0.8835425736968562,-0.7638637707334288,0.2732881936088444,0.10887623163887306,0.2046005150496737,4729,37.786172902150106,False,jt_academic,6M,3M,12,equal_weight,-0.2659242728526817,0.9185874392049059,1617,2007-07-02,2026-08-28
0.20342725924904226,0.2321189772808141,0.6303839563900933,0.8533593911648433,-0.7589923946156645,0.26802279007295315,0.1151273720176287,0.20355806121192963,4729,34.720199480573406,False,jt_academic,6M,3M,12,winner_drift,-0.2680904999587768,0.92091351237048,1617,2007-07-02,2026-08-28
0.23630521052878306,0.18318120455021478,0.8905042513132599,1.2301625080243088,-0.6750208923147325,0.3500709581276254,0.09701365972640501,0.15782239138160334,4729,58.18730667033706,False,jt_academic,6M,3M,24,equal_weight,-0.13103917567501977,0.8843307253119053,927,2007-07-02,2026-08-28
0.23756711040346623,0.18435462844721726,0.890865737332662,1.2565117660804432,-0.6990894814169033,0.3398236087345629,0.09261098815720654,0.15227468220155105,4729,59.33566718842703,False,jt_academic,6M,3M,24,winner_drift,-0.1184586341384096,0.8788327341932756,1067,2007-07-02,2026-08-28
0.18475532790407745,0.16068672480271864,0.7208738637693238,0.9667962108268019,-0.697325489431565,0.26494847915954345,0.06679846117561362,0.1479582584982465,4729,25.73270491921516,False,jt_academic,6M,3M,50,equal_weight,-0.13911342047905195,0.8834848805244238,1043,2007-07-02,2026-08-28
0.1744403027191468,0.16134371574076317,0.663536426821738,0.8817246428607276,-0.6967768671503105,0.25035317752808817,0.07066128155531785,0.14480720579361384,4729,21.763734493049192,False,jt_academic,6M,3M,50,winner_drift,-0.14037752747780066,0.8879255656587016,1031,2007-07-02,2026-08-28
0.21331598307381294,0.20067115463688656,0.734977226973403,1.0370044837307237,-0.43831774968929205,0.48666973496972254,0.0879489164029165,0.13960605249031346,4729,40.613151404023796,False,jt_academic,6M,6M,12,equal_weight,-0.1147751460360334,0.9037851554239797,786,2007-07-02,2026-08-28
0.2077299200714413,0.20291414391881196,0.7057379114901319,0.9984879909853511,-0.43831774968929205,0.4739254119156564,0.08889728987694427,0.13945233322605147,4729,37.17703896466869,False,jt_academic,6M,6M,12,winner_drift,-0.11587929901196846,0.9063226897864242,786,2007-07-02,2026-08-28
0.2418200335958549,0.1436031570810041,1.1214714123560952,1.605936813829808,-0.3031482506033647,0.7976956261979198,0.060806347079590824,0.09323336532304859,4729,63.36617799852363,False,jt_academic,6M,6M,24,equal_weight,-0.05194543854443154,0.8602241488686826,664,2007-07-02,2026-08-28
0.24049165878767287,0.14471419780346564,1.1063047121487029,1.5888095441328653,-0.3031482506033647,0.7933136948968545,0.05917439516086519,0.09414952370503837,4729,62.080213531191646,False,jt_academic,6M,6M,24,winner_drift,-0.049418085605846415,0.8619158384436456,669,2007-07-02,2026-08-28
0.20083753226727175,0.10917778702027195,1.1208163195120122,1.6301568666303863,-0.34069136764378927,0.5894999150000712,0.04558361960385303,0.07582725195309976,4729,33.31649693310901,False,jt_academic,6M,6M,50,equal_weight,-0.05185376317324647,0.845210403890886,582,2007-07-02,2026-08-28
0.19779569077616976,0.10972371971781396,1.0921138125300214,1.5805120904289849,-0.3363022336603324,0.5881486085398552,0.04438708967869357,0.07424555335603729,4729,31.736428055360687,False,jt_academic,6M,6M,50,winner_drift,-0.05177533450112766,0.8441530979065341,552,2007-07-02,2026-08-28
0.10959375772079039,0.20244487985635362,0.2779746385147727,0.36720473352675026,-0.6413799190037988,0.17087182568954312,0.09742695170172463,0.12997116639922,4729,7.3315396328188225,False,km_momentum,12M,1M,12,equal_weight,-0.28314049322759793,0.9560160710509622,1687,2007-07-02,2026-08-28
0.10513566136323171,0.17957375999634023,0.26597589005192734,0.35210156061835723,-0.615314482710672,0.17086492243782878,0.09066888910000345,0.12109789050762403,4729,6.78736676383649,False,km_momentum,12M,1M,12,winner_drift,-0.23898135540117774,0.9475576231761472,1687,2007-07-02,2026-08-28
0.1591207808272015,0.17094983697235372,0.5552232457450532,0.7384975331930952,-0.49389304699632763,0.32217659631961704,0.07869815155119089,0.10452587907687298,4729,16.92375790811329,False,km_momentum,12M,1M,24,equal_weight,-0.17064928306462462,0.9238739691266653,812,2007-07-02,2026-08-28
0.1283479740699136,0.1315157399430414,0.46704203976516845,0.6304173201671015,-0.49883902017463044,0.2572933729702667,0.06374339350565189,0.09119156141585905,4729,10.107367175267035,False,km_momentum,12M,1M,24,winner_drift,-0.12213678430344806,0.9018820046521463,1438,2007-07-02,2026-08-28
0.1603766240556017,0.15515690196868764,0.6023472337821402,0.7888003883612742,-0.4481408137480207,0.35787105109729594,0.07433876074293266,0.09727799802546962,4729,17.27849150737763,False,km_momentum,12M,1M,50,equal_weight,-0.15142481261802002,0.9158384436455911,794,2007-07-02,2026-08-28
0.12432398278683543,0.12349551669913118,0.45967365592828685,0.6109374583113193,-0.4469400466541741,0.2781670242296117,0.06111165516764799,0.0844743733770645,4729,9.438757913573127,False,km_momentum,12M,1M,50,winner_drift,-0.11754640502451577,0.903362233030239,814,2007-07-02,2026-08-28
0.1725191715251999,0.17141382584862883,0.6226490733880627,0.8590535985635899,-0.4169230287084852,0.41379141866933483,0.06620606873813747,0.08779627426215568,4729,21.091773242344832,False,km_momentum,12M,3M,12,equal_weight,-0.13340685910840108,0.9319094946077395,706,2007-07-02,2026-08-28
0.17226719448133676,0.17284979420193447,0.6176130108573419,0.8564669857790708,-0.41848719760022857,0.4116426869667343,0.06584982299334116,0.09007828353719982,4729,21.005111245930454,False,km_momentum,12M,3M,12,winner_drift,-0.13886773743982692,0.9333897229858321,707,2007-07-02,2026-08-28
0.17118937597622907,0.13918804312725863,0.7224034329921739,0.9828968688956101,-0.3228104438170475,0.5303092860070243,0.06018513610080452,0.07652529481533993,4729,20.63821390146891,False,km_momentum,12M,3M,24,equal_weight,-0.10414200737416868,0.9141467540706281,730,2007-07-02,2026-08-28
0.15392754385000607,0.1369716982485542,0.6211472097180587,0.842515300825812,-0.3212521775722369,0.4791486395929374,0.06255439231473302,0.08040076907411438,4729,15.528812451484646,False,km_momentum,12M,3M,24,winner_drift,-0.11203275058286759,0.9196447451892578,805,2007-07-02,2026-08-28
0.17085230440130994,0.12311624613518879,0.7973240819309699,1.067556545776008,-0.27744949273856667,0.6157960597257229,0.05348848876750655,0.07213414868894391,4729,20.524724727793462,False,km_momentum,12M,3M,50,equal_weight,-0.08489829799552556,0.8974413195178684,702,2007-07-02,2026-08-28
0.16174429061171347,0.12058598854262201,0.7453270507639128,1.0031430324991815,-0.2794361083946938,0.5788238733387142,0.053268496048989984,0.07171557576213733,4729,17.67282366098611,False,km_momentum,12M,3M,50,winner_drift,-0.08921856265881684,0.9065341509832946,767,2007-07-02,2026-08-28
0.0700310488371978,0.12660112826140751,0.052293688024908316,0.0687399913826056,-0.2770355623879798,0.25278721704010504,0.05766989623716381,0.08492988819543816,4729,3.65711704615682,False,km_momentum,12M,6M,12,equal_weight,-0.10279637676129282,0.9577077606259251,689,2007-07-02,2026-08-28
0.07018334321634212,0.12545886304296738,0.052759493738273225,0.06940065724133061,-0.2712765938249061,0.25871507094210106,0.057669701007448615,0.08298211398998945,4729,3.667101153686362,False,km_momentum,12M,6M,12,winner_drift,-0.09799331094281924,0.9579192218227955,690,2007-07-02,2026-08-28
0.0764889458717366,0.10025151189401728,0.09703806060759057,0.12696809449924268,-0.2112652314899428,0.3620517457240844,0.04236868349881792,0.06878803041674825,4729,4.103922584942459,False,km_momentum,12M,6M,24,equal_weight,-0.07974712577410531,0.9401564812856841,731,2007-07-02,2026-08-28
0.07347888446457307,0.0992997050051562,0.06820296707452254,0.0892649374186654,-0.21005674316688439,0.3498049305953301,0.0423046424017762,0.06820340485804231,4729,3.889584870912705,False,km_momentum,12M,6M,24,winner_drift,-0.07900354243992068,0.9422710932543878,733,2007-07-02,2026-08-28
0.08719881638986626,0.08779400876217054,0.2125824371936366,0.2741989511688636,-0.22474288302325052,0.38799367177667293,0.0363274510367634,0.06373729691888437,4729,4.960912723255716,False,km_momentum,12M,6M,50,equal_weight,-0.07350219880218614,0.9268344258828505,730,2007-07-02,2026-08-28
0.08646118401571234,0.08734703460514343,0.20527932080288372,0.2658823996578086,-0.21851908682192756,0.3956687961366508,0.03839617372000629,0.06433872207967498,4729,4.896829937840624,False,km_momentum,12M,6M,50,winner_drift,-0.07426555989354186,0.927680270670332,733,2007-07-02,2026-08-28
0.14493958666360673,0.19092941863560522,0.45027457547767336,0.6121631952197496,-0.5820151112340968,0.24903062457653177,0.08934649928192191,0.11339230859765596,4729,13.368496106995478,False,km_momentum,6M,1M,12,equal_weight,-0.239706868632286,0.9498836963417213,1648,2007-07-02,2026-08-28
0.11015097165089593,0.1357825214252639,0.33420844464559174,0.4604557272684148,-0.5723773205450512,0.19244468237491263,0.06120160401480073,0.0908480431473712,4729,7.4023922505021655,False,km_momentum,6M,1M,12,winner_drift,-0.16392793767177666,0.931063649820258,1648,2007-07-02,2026-08-28
0.1687320084683308,0.1737397036616575,0.597501787299063,0.8083737850776936,-0.5415242317552962,0.31158718035830646,0.08395128172103719,0.1087741858619864,4729,19.824288127760656,False,km_momentum,6M,1M,24,equal_weight,-0.18556213445873648,0.9234510467329246,814,2007-07-02,2026-08-28
0.11803171467773499,0.11997647685888105,0.4215137987518696,0.5768037514048083,-0.539990038504635,0.21858128161881243,0.061059886833913044,0.08913603742350455,4729,8.476628187310208,False,km_momentum,6M,1M,24,winner_drift,-0.10545321332164274,0.8965954747303869,768,2007-07-02,2026-08-28
0.17058907021700764,0.15904591175646568,0.6476271551875874,0.8608756229567524,-0.48368682131215446,0.3526849661816927,0.07300903951107558,0.09999403036709202,4729,20.436507584013743,False,km_momentum,6M,1M,50,equal_weight,-0.15947563050315097,0.9177415944174244,832,2007-07-02,2026-08-28
0.13595169462715706,0.11466832004310025,0.5774143808797941,0.7889352870265587,-0.4766925616315719,0.28519785196948794,0.05614914744719549,0.0755566674226786,4729,11.495149530010059,False,km_momentum,6M,1M,50,winner_drift,-0.09134714184942015,0.8771410446183125,817,2007-07-02,2026-08-28
0.19166996497374789,0.16847901627089013,0.7289158417855758,1.0148445587762127,-0.3406604430763015,0.562642269947431,0.06713905876715522,0.09598271443225408,4729,28.76740683265444,False,km_momentum,6M,3M,12,equal_weight,-0.11161462848801398,0.9295834214421653,630,2007-07-02,2026-08-28
0.18398719741724,0.16532435902542275,0.6995300386075951,0.9942751887513611,-0.3344551979306155,0.5501101449630008,0.06477491342188842,0.09464148781703925,4729,25.414974236547863,False,km_momentum,6M,3M,12,winner_drift,-0.10260685281354445,0.9323324170014802,717,2007-07-02,2026-08-28
0.19713364915118547,0.1473108159820116,0.8426177919913131,1.1482826786886007,-0.300620500107175,0.6557558419366106,0.059600151396717295,0.08320611239316013,4729,31.402075630238823,False,km_momentum,6M,3M,24,equal_weight,-0.10084197191867118,0.9116092197081835,741,2007-07-02,2026-08-28
0.19061654129441452,0.1469833641508977,0.8061405614608862,1.115391515642085,-0.2949524879698323,0.6462618525662708,0.056314730425527315,0.08451813159354445,4729,28.284139106703996,False,km_momentum,6M,3M,24,winner_drift,-0.09842052653801227,0.9154155212518503,739,2007-07-02,2026-08-28
0.1818354602050083,0.13005968192559958,0.8348283995146738,1.1255704803866111,-0.3003487129972169,0.6054144810225747,0.053662698867794734,0.07590617099243309,4729,24.544604784067726,False,km_momentum,6M,3M,50,equal_weight,-0.09543218937459005,0.9054768449989427,754,2007-07-02,2026-08-28
0.17839354247866668,0.12827842570408382,0.8213552173205332,1.1159773590602886,-0.29097741546959144,0.6130838099265119,0.05322894461926035,0.07560950372881967,4729,23.21084302207819,False,km_momentum,6M,3M,50,winner_drift,-0.0955886627575932,0.9069570733770353,775,2007-07-02,2026-08-28
0.05300743164112309,0.12420182666776736,-0.08080627032967613,-0.10471280228659921,-0.2873023019152079,0.18450054624611842,0.06970878635629876,0.09505865267303464,4729,2.6897581735835137,False,km_momentum,6M,6M,12,equal_weight,-0.11317915410297005,0.965531824910129,809,2007-07-02,2026-08-28
0.05291652560753546,0.12383471293712099,-0.0821108663499588,-0.10656974082892277,-0.2977078093428043,0.17774651502877842,0.06915726203528513,0.09403683010612568,4729,2.6853133367710655,False,km_momentum,6M,6M,12,winner_drift,-0.11132232690950597,0.9670120532882216,830,2007-07-02,2026-08-28
0.07971328932902888,0.10728559134660295,0.126087619300771,0.16353292782780662,-0.2638586033341076,0.3021060837955431,0.04790639010774887,0.07601290558674231,4729,4.345915923415972,False,km_momentum,6M,6M,24,equal_weight,-0.0846324910273933,0.9439627828293509,762,2007-07-02,2026-08-28
0.08002917224222839,0.10781379601020723,0.12881400130172582,0.16689664860138442,-0.253759673696483,0.31537387748200574,0.04637163838971504,0.07666583938554894,4729,4.3703375471007355,False,km_momentum,6M,6M,24,winner_drift,-0.08244805507804431,0.9458659336011842,775,2007-07-02,2026-08-28
0.08694949559993992,0.09581682615082102,0.20012458619657383,0.25741268023115704,-0.2460754556794933,0.3533448525365704,0.043130220270973796,0.06892992805589936,4729,4.939164246175729,False,km_momentum,6M,6M,50,equal_weight,-0.07741247304149593,0.931063649820258,767,2007-07-02,2026-08-28
0.08859357742172258,0.09576735642132164,0.2162728659992258,0.27937341260077464,-0.23061831421963852,0.38415672979617294,0.044642265573729946,0.06762895356110378,4729,5.084262896429959,False,km_momentum,6M,6M,50,winner_drift,-0.07780034178778311,0.9327553393952209,809,2007-07-02,2026-08-28
0.06738320031407863,0.25095439316484075,0.11090783305135192,0.1455028241340203,-0.8211962177225804,0.08205493262128281,0.13276453289123435,0.19702602021883697,4729,3.4875937291050927,False,raw_momentum,12M,1M,12,equal_weight,-0.3984168387637141,0.9642630577289067,2089,2007-07-02,2026-08-28
0.08705709968842901,0.20035059768848992,0.17437274164418987,0.2310145215421691,-0.7511712385260972,0.11589514510599098,0.09219412968852002,0.1620979270119317,4729,4.948539539894212,False,raw_momentum,12M,1M,12,winner_drift,-0.2781164261893103,0.947980545569888,1942,2007-07-02,2026-08-28
0.11388742271388574,0.20940217136889241,0.29449339893512033,0.38596512144286815,-0.7596800916251023,0.14991497601346715,0.10021517979077586,0.17205090000877452,4729,7.894537662819532,False,raw_momentum,12M,1M,24,equal_weight,-0.31516204480621274,0.9465003171917953,1932,2007-07-02,2026-08-28
0.09215707147725616,0.1587958410827353,0.20248180733605434,0.2651494471077978,-0.76588702058851,0.12032724018020619,0.07567526340228191,0.14411423509919172,4729,5.412748163330791,False,raw_momentum,12M,1M,24,winner_drift,-0.24688236542431682,0.9221822795517023,1939,2007-07-02,2026-08-28
0.13892691937388335,0.19864848144519096,0.41366537967929906,0.5369872779104864,-0.711907693588137,0.19514737742707602,0.0992234129810438,0.16484324702853956,4729,12.085832535467627,False,raw_momentum,12M,1M,50,equal_weight,-0.26860430172524663,0.9245083527172764,1680,2007-07-02,2026-08-28
0.10450037046661165,0.15373205135589418,0.27861590446016665,0.36077580738759135,-0.7109163470100743,0.1469939056910317,0.07637711832322545,0.13988675724165875,4729,6.713010925010324,False,raw_momentum,12M,1M,50,winner_drift,-0.22138028366304732,0.9128779868894058,1721,2007-07-02,2026-08-28
0.08254909329812987,0.2279571183282274,0.1606534726142632,0.2128802821340151,-0.7720983487575077,0.10691525688530645,0.11267119578335415,0.1921445968642049,4729,4.569869474557356,False,raw_momentum,12M,3M,12,equal_weight,-0.33019343684153113,0.957073377035314,1944,2007-07-02,2026-08-28
0.1038422719822294,0.2141313539706872,0.24952243724977982,0.33246202286686405,-0.7108887614119495,0.1460738692450004,0.10265968235901472,0.15958532810622358,4729,6.6368001294554375,False,raw_momentum,12M,3M,12,winner_drift,-0.27108074196622933,0.9456544724043138,1918,2007-07-02,2026-08-28
0.10473097406418863,0.20668430622096967,0.25480549038811795,0.33428662756115807,-0.7499202510842193,0.13965614865416787,0.10637529539650997,0.16792797617538213,4729,6.739911563858718,False,raw_momentum,12M,3M,24,equal_weight,-0.2940930141763445,0.9426940156481286,1731,2007-07-02,2026-08-28
0.09503514163927917,0.16455971066785885,0.21742740876058808,0.284704141525291,-0.7485779902472622,0.12695422905486198,0.07585355696438455,0.14638235982814055,4729,5.692631974922564,False,raw_momentum,12M,3M,24,winner_drift,-0.2393229986030226,0.9321209558046099,1721,2007-07-02,2026-08-28
0.12087986856586364,0.200470432694757,0.33030091875107687,0.4300028693170253,-0.720347294676424,0.1678077636428998,0.09479959245727967,0.16764429469112607,4729,8.900005994187948,False,raw_momentum,12M,3M,50,equal_weight,-0.2672035810329381,0.9363501797420173,1647,2007-07-02,2026-08-28
0.09203716129067985,0.16101764361507936,0.2011817564237944,0.26203626185553597,-0.7298307428693882,0.12610754231704238,0.07997977545348586,0.14870366239101254,4729,5.401375095544709,False,raw_momentum,12M,3M,50,winner_drift,-0.22511894530108695,0.9308521886233876,1679,2007-07-02,2026-08-28
0.07174872414503763,0.22544060225623594,0.11456879818949312,0.1514423773423152,-0.7397414149795096,0.09699162800966744,0.10775661184838892,0.18793804418140347,4729,3.7712329548202903,False,raw_momentum,12M,6M,12,equal_weight,-0.32248753658727053,0.965531824910129,2462,2007-07-02,2026-08-28
0.08093824087438106,0.1716965932808593,0.1380534002056856,0.1876439599458942,-0.6608025661152186,0.12248475569670918,0.059488186752983764,0.1423659076420755,4729,4.441347577371361,False,raw_momentum,12M,6M,12,winner_drift,-0.24246733048526767,0.9593994502008881,2215,2007-07-02,2026-08-28
0.07309431000754185,0.20134359575218586,0.10879354371813792,0.1413379035703103,-0.7486987145358585,0.09762847002195707,0.1014550689978486,0.17065484820292953,4729,3.862977622867742,False,raw_momentum,12M,6M,24,equal_weight,-0.2956886856348077,0.9562275322478325,2375,2007-07-02,2026-08-28
0.08672760429293613,0.18721955076966915,0.1709312428017969,0.22451182270624406,-0.719602723005585,0.12052150654836115,0.09477205043837234,0.15965029694774072,4729,4.919884497456278,False,raw_momentum,12M,6M,24,winner_drift,-0.2570513434835331,0.9475576231761472,1678,2007-07-02,2026-08-28
0.09206015968046,0.19324586502746924,0.19755803051607604,0.25639906922410316,-0.7364785787794117,0.12500045803509194,0.1008638221324912,0.16750098232552055,4729,5.403554656579339,False,raw_momentum,12M,6M,50,equal_weight,-0.2669090688157054,0.9448086276168323,1700,2007-07-02,2026-08-28
0.08944943012869566,0.18066898338419984,0.18461412630602525,0.24005234492009137,-0.746035140871097,0.11989975435239061,0.09206746493545308,0.1660853769981551,4729,5.161386182057995,False,raw_momentum,12M,6M,50,winner_drift,-0.25311069194899566,0.9433283992387397,1781,2007-07-02,2026-08-28
0.10381160567173997,0.22384150536799916,0.24812475115320076,0.3312997399586566,-0.8094040413389936,0.12825684129276757,0.10597069147423492,0.17113785189423117,4729,6.633268904660346,False,raw_momentum,6M,1M,12,equal_weight,-0.32428611962011417,0.9613026009727215,1687,2007-07-02,2026-08-28
0.08842692348161285,0.1652296993767718,0.17988188400619434,0.23873295444490553,-0.758239759483393,0.11662132244537038,0.08384037102357442,0.14254440833263735,4729,5.069372852281352,False,raw_momentum,6M,1M,12,winner_drift,-0.2509115713702881,0.9441742440262212,1937,2007-07-02,2026-08-28
0.12741058206621014,0.2126550712773974,0.35122450743477773,0.4621136274406249,-0.7595922084793123,0.1677355041875475,0.1144674662986812,0.17238119605320334,4729,9.94771837821144,False,raw_momentum,6M,1M,24,equal_weight,-0.27207869282537595,0.946923239585536,1643,2007-07-02,2026-08-28
0.10074611719768689,0.1630449332973849,0.25062010084321235,0.3281788419648284,-0.7738896981868939,0.13018149412470506,0.07498262820772829,0.1509386652787634,4729,6.289124744907182,False,raw_momentum,6M,1M,24,winner_drift,-0.22461595519518418,0.9207020511736096,1680,2007-07-02,2026-08-28
0.1347173635833916,0.20632559280034504,0.3874959711573959,0.505445533943735,-0.75404140941041,0.17866043151227995,0.10784057794670784,0.17031854619104791,4729,11.258214422052745,False,raw_momentum,6M,1M,50,equal_weight,-0.25450811210893565,0.936773102135758,1596,2007-07-02,2026-08-28
0.11870633491782057,0.16047873747964353,0.35479685617325357,0.46477583376338605,-0.7501887984446343,0.15823528045731194,0.0767306183175467,0.13989230942295772,4729,8.575149623919296,False,raw_momentum,6M,1M,50,winner_drift,-0.18948117006717663,0.9198562063861282,1582,2007-07-02,2026-08-28
0.09154834409704149,0.23501094903712494,0.1988137621418882,0.26667424706827786,-0.8271915978552996,0.11067368712932214,0.11054816343167198,0.18521882988770166,4729,5.355246402305395,False,raw_momentum,6M,3M,12,equal_weight,-0.3105873404973226,0.9670120532882216,1941,2007-07-02,2026-08-28
0.07478230748621484,0.17064687830536124,0.10438821623718883,0.13791005001227769,-0.8141443882165863,0.09185386347749479,0.08326544048996999,0.15205863228686126,4729,3.981061648752812,False,raw_momentum,6M,3M,12,winner_drift,-0.2592701308474468,0.9439627828293509,2092,2007-07-02,2026-08-28
0.11480503513422913,0.22636813642407455,0.2927383894554287,0.38491797134395117,-0.7837287663182694,0.14648567217144512,0.11909172493380718,0.1814903618924482,4729,8.02005896717929,False,raw_momentum,6M,3M,24,equal_weight,-0.2857022437446472,0.9488263903573694,1680,2007-07-02,2026-08-28
0.10445042755564549,0.15892072713430253,0.27449518723325156,0.3607559342852925,-0.7486816557397009,0.13951247069416706,0.07281997842690552,0.1394927183213189,4729,6.707198347999752,False,raw_momentum,6M,3M,24,winner_drift,-0.2068268851218127,0.9217593571579615,1724,2007-07-02,2026-08-28
0.11140883101072774,0.2106710396997679,0.28324805880343706,0.369169810538299,-0.7477557435746081,0.1489909398464043,0.11093908475854554,0.173373974101897,4729,7.564729065353448,False,raw_momentum,6M,3M,50,equal_weight,-0.278878523363724,0.9443857052230915,1783,2007-07-02,2026-08-28
0.10545005925753337,0.18052577290168945,0.26714466547753746,0.34994237280299173,-0.7318568924668383,0.1440856270439668,0.08977515477162955,0.1556902721124844,4729,6.824452681149373,False,raw_momentum,6M,3M,50,winner_drift,-0.2356463528742847,0.9331782617889617,1866,2007-07-02,2026-08-28
0.06354924145080298,0.22184769987230377,0.07749323098415982,0.10257242722166131,-0.7923945559405129,0.08019898795919263,0.1044972780252183,0.18270197281201805,4729,3.2552809774116658,False,raw_momentum,6M,6M,12,equal_weight,-0.33018608972979774,0.9733558891943328,1948,2007-07-02,2026-08-28
0.05476039973267044,0.18429937306075145,0.005438940527379897,0.007179522989705822,-0.712867292058279,0.07681710234531788,0.09525843770796102,0.15868058341892324,4729,2.7768452708635647,False,raw_momentum,6M,6M,12,winner_drift,-0.3146120598324255,0.9748361175724255,3301,2007-07-02,2026-08-28
0.09574515702929531,0.21681882593155932,0.21454480302553142,0.28076259968537437,-0.7486587629368936,0.12788891517638715,0.11385599072302838,0.1799155552536681,4729,5.763758703708662,False,raw_momentum,6M,6M,24,equal_weight,-0.29499075414243486,0.9543243814759992,1934,2007-07-02,2026-08-28
0.0853578137934865,0.15813534997331477,0.1622796501045426,0.212913261333235,-0.6486736802304736,0.13158821822886185,0.08452583326827863,0.1411366405284811,4729,4.802435920490051,False,raw_momentum,6M,6M,24,winner_drift,-0.20741060864292782,0.9522097695072954,1858,2007-07-02,2026-08-28
0.0967905575010164,0.20341219087364382,0.21941632057422514,0.28507426922331874,-0.7359753424279845,0.1315133156250916,0.11111841985740878,0.17633091277385118,4729,5.870017853968947,False,raw_momentum,6M,6M,50,equal_weight,-0.2799532994126541,0.9433283992387397,1968,2007-07-02,2026-08-28
0.08492082509897547,0.14626841772393817,0.16022304867435583,0.2065281820703815,-0.6844261882796929,0.1240759435468479,0.07052120094500523,0.13297447866481157,4729,4.765530187522059,False,raw_momentum,6M,6M,50,winner_drift,-0.22779862590432856,0.9314865722139988,2156,2007-07-02,2026-08-28
0.14168565852578396,0.2379530147282414,0.3921426317184188,0.5210092665536199,-0.6786003689310253,0.20879101310978695,0.11162974853773151,0.16611034731655352,4729,12.659143564098548,False,vol_adjusted,12M,1M,12,equal_weight,-0.27624212709622975,0.9433283992387397,1726,2007-07-02,2026-08-28
0.09758649809003983,0.15264054038829128,0.23745165538537832,0.3180466012139224,-0.5937227936065503,0.16436373866877121,0.07044150219364857,0.11193957099357037,4729,5.952162956244047,False,vol_adjusted,12M,1M,12,winner_drift,-0.1724493546824955,0.9166842884330725,1594,2007-07-02,2026-08-28
0.12963988570994478,0.20956857358093295,0.3630593193707836,0.47375886334611644,-0.7112766195167484,0.18226366810429392,0.10139815661012394,0.1626388487110202,4729,10.331378385242399,False,vol_adjusted,12M,1M,24,equal_weight,-0.27444295785186673,0.9336011841827024,1647,2007-07-02,2026-08-28
0.11030666179181181,0.15366973780218243,0.3135484779812663,0.41376606929896725,-0.681467931243761,0.16186625479278074,0.06941811511789339,0.12602703517263342,4729,7.422304752623925,False,vol_adjusted,12M,1M,24,winner_drift,-0.1751343399776651,0.9071685345739057,1593,2007-07-02,2026-08-28
0.15261047599394129,0.18866343326980306,0.4898046839424731,0.6363986178017261,-0.7004067595576544,0.21788835403348084,0.09056620008493839,0.15632848597063864,4729,15.192768970018955,False,vol_adjusted,12M,1M,50,equal_weight,-0.2253741833415394,0.9133009092831466,1612,2007-07-02,2026-08-28
0.12050672981390997,0.13941645217073645,0.39735189362224743,0.5179402543988381,-0.6903628269404503,0.17455564684438712,0.060788615228499925,0.1244920794369383,4729,8.8434197021185,False,vol_adjusted,12M,1M,50,winner_drift,-0.17591927854309475,0.8870797208712201,1592,2007-07-02,2026-08-28
0.13031367849004272,0.23026445490854988,0.35291648493982086,0.4689954247009252,-0.717365401702625,0.18165592901574398,0.11163582234530837,0.17830554435488552,4729,10.450069876806852,False,vol_adjusted,12M,3M,12,equal_weight,-0.2579419275225763,0.9424825544512582,1597,2007-07-02,2026-08-28
0.12006469092524297,0.18686557033608292,0.3360620188052559,0.45461237103625063,-0.6378877657364533,0.18822228199756433,0.08014695906434897,0.13620374214441755,4729,8.776825988643074,False,vol_adjusted,12M,3M,12,winner_drift,-0.18573731639317287,0.9384647917107211,1567,2007-07-02,2026-08-28
0.1286468378983514,0.20740635067896374,0.3602171220287059,0.4711568595296279,-0.7166723707036626,0.17950578696376965,0.09184745077880062,0.1629838738452966,4729,10.158775637571033,False,vol_adjusted,12M,3M,24,equal_weight,-0.24588745526764322,0.9331782617889617,1582,2007-07-02,2026-08-28
0.11979700831519002,0.1932340029182165,0.3301703201548136,0.4348827279744854,-0.6993100848216333,0.1713074227232767,0.08276687856138945,0.15229311255835956,4729,8.73673062120011,False,vol_adjusted,12M,3M,24,winner_drift,-0.22958069920989027,0.9329668005920914,1593,2007-07-02,2026-08-28
0.12858845430729726,0.18499947966485863,0.37943732662060103,0.49308340741154566,-0.7012710162711822,0.18336484942872927,0.08905146797571169,0.15441632052521267,4729,10.148713463762736,False,vol_adjusted,12M,3M,50,equal_weight,-0.22362129735834066,0.9198562063861282,1601,2007-07-02,2026-08-28
0.10919823652022353,0.15044311671218463,0.3100390596222782,0.4052543434384721,-0.7032055617993589,0.15528636639449728,0.06937435712528556,0.13398172966462818,4729,7.281637650732795,False,vol_adjusted,12M,3M,50,winner_drift,-0.18568995373993522,0.9133009092831466,1602,2007-07-02,2026-08-28
0.08794434200994816,0.21391615139299114,0.18045133828517432,0.23694785920101527,-0.6951391639988342,0.12651328908594717,0.10696469764095774,0.17355119274542607,4729,5.026488379317888,False,vol_adjusted,12M,6M,12,equal_weight,-0.276442948306423,0.955381687460351,2386,2007-07-02,2026-08-28
0.07239641827265797,0.13177344577605327,0.0723816369701532,0.09697610546277127,-0.6074668422213083,0.11917756368055886,0.05366213373326253,0.11259606897266698,4729,3.8151331438908698,False,vol_adjusted,12M,6M,12,winner_drift,-0.15912218902751737,0.9312751110171283,1780,2007-07-02,2026-08-28
0.10228451710157027,0.20255949862899153,0.2447853634390017,0.31942935876644823,-0.71459048178354,0.14313725092766316,0.09274611985244222,0.16892430647426282,4729,6.459659656054203,False,vol_adjusted,12M,6M,24,equal_weight,-0.247503364502882,0.9450200888137027,1639,2007-07-02,2026-08-28
0.09625651928631096,0.1850722392301769,0.2190880679489028,0.2871594647627466,-0.6921295321810359,0.13907298390084266,0.08602409456426437,0.15843538486201977,4729,5.81550598476481,False,vol_adjusted,12M,6M,24,winner_drift,-0.22624746730633988,0.9431169380418694,1639,2007-07-02,2026-08-28
0.10284107950177979,0.183011714144912,0.25279984378297293,0.32719691771984516,-0.7286519427575735,0.14113882564092137,0.09135534058790254,0.16005653240174667,4729,6.522428388306816,False,vol_adjusted,12M,6M,50,equal_weight,-0.23624748837173812,0.9321209558046099,1639,2007-07-02,2026-08-28
0.09317648383739785,0.17307884029065226,0.20506694452415541,0.2655434315042764,-0.7363065151905561,0.12654578210989179,0.08676873305670518,0.15801838362559695,4729,5.5103568320760825,False,vol_adjusted,12M,6M,50,winner_drift,-0.23581327515834255,0.9342355677733136,1643,2007-07-02,2026-08-28
0.13942132737588642,0.2058809661037677,0.40833710868627604,0.5433752170753267,-0.7500154757342042,0.18589126742938772,0.08696631855818007,0.15949994934838904,4729,12.18673464603544,False,vol_adjusted,6M,1M,12,equal_weight,-0.27129456672768903,0.9437513216324804,1654,2007-07-02,2026-08-28
0.08752290701531207,0.13072398231933935,0.18138677469133072,0.2393539894086003,-0.6196896534065349,0.14123667634949913,0.061556959480356006,0.10793207939734534,4729,4.98931913971372,False,vol_adjusted,6M,1M,12,winner_drift,-0.19211367934691656,0.9204905899767393,1720,2007-07-02,2026-08-28
0.12988087777311552,0.19785043257987067,0.37335462129526403,0.487125772560331,-0.7213153255094706,0.18006116490229795,0.09797890377512068,0.1675168685888964,4729,10.373682631787812,False,vol_adjusted,6M,1M,24,equal_weight,-0.2532599393197403,0.9371960245294988,1640,2007-07-02,2026-08-28
0.10597598596582225,0.1370524008282941,0.3046712120207236,0.3981122698385647,-0.70492179570052,0.150337224089529,0.059306500118091965,0.12060661674225093,4729,6.8869199318042815,False,vol_adjusted,6M,1M,24,winner_drift,-0.17294959892856673,0.9133009092831466,1587,2007-07-02,2026-08-28
0.14917325475694088,0.18247503705515283,0.48333207545912005,0.6278155106282686,-0.7103579176047137,0.20999731411447425,0.08511895007814449,0.14987247969844994,4729,14.34794261834013,False,vol_adjusted,6M,1M,50,equal_weight,-0.21091815564530136,0.917530133220554,1582,2007-07-02,2026-08-28
0.12742607993561994,0.14280413549382157,0.43531604299398347,0.5682298084840449,-0.6953835328942254,0.18324575418872147,0.06000818809165701,0.11812013304251255,4729,9.95033830538924,False,vol_adjusted,6M,1M,50,winner_drift,-0.16996334594281254,0.8965954747303869,1581,2007-07-02,2026-08-28
0.15627353273382294,0.23702271041207904,0.4472280255425288,0.6055990672858688,-0.7420948754576782,0.21058430384314822,0.11901893126465932,0.17699460146660495,4729,16.144899602047243,False,vol_adjusted,6M,3M,12,equal_weight,-0.23318907413380724,0.9448086276168323,1647,2007-07-02,2026-08-28
0.1771822156146945,0.19710269867640068,0.5861587039270744,0.8100224999079474,-0.6168418632423225,0.28724090593230306,0.07965135467588093,0.142252876302658,4729,22.758012591574904,False,vol_adjusted,6M,3M,12,winner_drift,-0.18207202526202718,0.9386762529075915,1565,2007-07-02,2026-08-28
0.13284985276138217,0.21188474495563486,0.3749811564120122,0.4925766808115623,-0.736826633971281,0.1803000144625068,0.09725561957917048,0.16322198206730773,4729,10.908518663219947,False,vol_adjusted,6M,3M,24,equal_weight,-0.2423190528600683,0.9374074857263692,1679,2007-07-02,2026-08-28
0.10589397548326951,0.16191928369762645,0.28060301542482075,0.36532294095379586,-0.7012876589005834,0.1509993426225134,0.07309087097063742,0.13494076908465363,4729,6.877143553013675,False,vol_adjusted,6M,3M,24,winner_drift,-0.20821638098510825,0.9283146542609431,1731,2007-07-02,2026-08-28
0.12916720236370316,0.18194228722764344,0.3855726862639295,0.5032674646759447,-0.7127355625109517,0.1812273852432029,0.08815325086718237,0.14680648177326824,4729,10.248876998528056,False,vol_adjusted,6M,3M,50,equal_weight,-0.22124120482278856,0.9295834214421653,1647,2007-07-02,2026-08-28
0.10651142343947462,0.14681042034071803,0.29715740506826466,0.3894677194978766,-0.7044973608125749,0.15118782463091585,0.06956171580435133,0.1249174610932521,4729,6.951073322616946,False,vol_adjusted,6M,3M,50,winner_drift,-0.18389867135291832,0.9145696764643688,1647,2007-07-02,2026-08-28
0.09284195490831526,0.21359321304594753,0.20174106683864193,0.2677685695964103,-0.7156331309313999,0.1297340088034787,0.11317662813308518,0.1648409338896538,4729,5.478143274873379,False,vol_adjusted,6M,6M,12,equal_weight,-0.27769702180362954,0.9598223725946289,1784,2007-07-02,2026-08-28
0.10263604113979996,0.14899748635737706,0.2707812868791137,0.3675009054062469,-0.6311572609881315,0.16261563873814003,0.06560755460998062,0.11594244190649422,4729,6.499237344245756,False,vol_adjusted,6M,6M,12,winner_drift,-0.13374015268123818,0.936773102135758,1593,2007-07-02,2026-08-28
0.11632581915263995,0.21119057385534376,0.30440180049805793,0.39905907202104485,-0.7481544091354613,0.15548370460993693,0.10285042065350751,0.1710422672135787,4729,8.232263652004109,False,vol_adjusted,6M,6M,24,equal_weight,-0.2475158852994201,0.9416367096637767,1731,2007-07-02,2026-08-28
0.08401587677675515,0.144038501867455,0.1544764614370818,0.20021149041206496,-0.6680694271209455,0.1257592001161058,0.06297273698870674,0.1309533797175594,4729,4.689956050848549,False,vol_adjusted,6M,6M,24,winner_drift,-0.20455886453251956,0.9382533305138507,1918,2007-07-02,2026-08-28
0.1322363519520564,0.1938627347753868,0.38789836606297273,0.5046068591149419,-0.7246064393889118,0.18249403367651046,0.09257181588571875,0.161327681267439,4729,10.795903622524644,False,vol_adjusted,6M,6M,50,equal_weight,-0.22244418759138956,0.9234510467329246,1645,2007-07-02,2026-08-28
0.0949076206568249,0.13425631156734746,0.23155778431291668,0.29941691514471863,-0.6605984446897599,0.14366915547522494,0.060011870280662405,0.11839229256937484,4729,5.679945841553959,False,vol_adjusted,6M,6M,50,winner_drift,-0.17569226543926703,0.9154155212518503,1653,2007-07-02,2026-08-28
