nse_symbol,ex_date,share_multiplier,source_records,parsed_unique_factors,subjects
20MICRONS,2013-01-28,2.0,1,1,Face Value Split Rs 10 To Rs 5
360ONE,2023-03-02,4.0,2,2,Bonus 1:1 | Face Value Split (Sub-Division) - From Rs 2/- Per Share To Re 1/- Per Share
3IINFOTECH,2007-08-27,2.0,1,1,Bonus 1:1
3PLAND,2008-03-11,5.0,1,1,Fv Split Rs.10/- To Rs.2/
AAKASH,2022-02-03,10.0,1,1,Face Value Split (Sub-Division) - From Rs 10/- Per Share To Re 1/- Per Share
AARON,2025-08-25,2.0,1,1,Bonus 1:1
AARTECH,2024-08-09,3.0,2,2,Bonus 1:2 | Face Value Split (Sub-Division) - From Rs 10/- Per Share To Rs 5/- Per Share
AARTIDRUGS,2015-03-24,2.0,1,1,Bonus 1:1
AARTIDRUGS,2020-09-30,4.0,1,1, Bonus 3:1
AARTIIND,2019-09-27,2.0,1,1, Bonus 1:1
AARTIIND,2021-06-22,2.0,1,1, Bonus 1:1
ABB,2007-06-28,5.0,1,1,Fv Split Rs.10/- To Rs.2/
ABINFRA,2025-10-17,10.0,1,1,Face Value Split (Sub-Division) - From Rs 10/- Per Share To Re 1/- Per Share
ABMINTLTD,2017-03-15,6.0,1,1, Bonus 5:1
ACCURACY,2023-02-15,10.0,1,1,Face Value Split (Sub-Division) - From Rs 10/- Per Share To Re 1/- Per Share
ACE,2008-03-13,5.0,1,1,Fv Split Rs.10/- To Rs.2/
ACUTAAS,2025-04-25,2.0,1,1,Face Value Split (Sub-Division) - From Rs 10/- Per Share To Rs 5/- Per Share
ADANIENT,2009-12-10,2.0,1,1,Bonus 1:1
ADANIPORTS,2010-09-23,5.0,1,1,Face Value Split From Rs.10/- To Rs.2/-
ADANIPOWER,2025-09-22,5.0,1,1,Face Value Split (Sub-Division) - From Rs 10/- Per Share To Rs 2/- Per Share
ADFFOODS,2023-09-11,5.0,1,1,Face Value Split (Sub-Division) - From Rs 10/- Per Share To Rs 2/- Per Share
ADSL,2009-11-11,2.0,1,1,Fv Split Rs.10/- To Rs.5/
ADVANIHOTR,2007-10-22,5.0,1,1,Fv Split Rs.10/- To Rs.2/
ADVANIHOTR,2024-03-20,2.0,1,1,Bonus 1:1
ADVANTA,2013-07-05,5.0,1,1,Face Value Split From Rs.10/- To Rs.2/-
ADVENZYMES,2017-05-25,5.0,1,1, Face Value Split From Rs 10/- Per Share To Rs 2/- Per Share
AEGISLOG,2010-08-18,1.6666666667,1,1,Bonus 2:3
AEGISLOG,2015-09-16,10.0,1,1, Face Value Split From Rs 10 To Rs 1
AFFLE,2021-10-07,5.0,1,1, Face Value Split (Sub-Division) - From Rs 10/- Per Share To Rs 2/- Per Share
AFIL,2025-04-17,10.0,1,1,Face Value Split (Sub-Division) - From Rs 10/- Per Share To Re 1/- Per Share
AGIIL,2025-02-07,2.0,1,1,Face Value Split (Sub-Division) - From Rs 10/- Per Share To Rs 5/- Per Share
AGIIL,2025-10-10,5.0,1,1,Face Value Split (Sub-Division) - From Rs 5/- Per Share To Re 1/- Per Share
AHCL,2026-04-24,10.0,2,2,Face Value Split (Sub-Division) - From Rs 10/- Per Share To Rs 2/- Per Share | Bonus 1:1
AHLEAST,2022-10-06,1.5,1,1,Bonus 1:2
AIAENG,2008-10-13,5.0,1,1,Fv Split Rs.10/- To Rs.2/Rd Date Revised
AICHAMP,2008-09-11,2.0,1,1,Fv Split Rs.10/- To Rs.5/
AIIL,2026-01-13,5.0,1,1,Bonus 4:1
AJANTPHARM,2012-08-09,2.0,1,1,Face Value Split From Rs. 10/- To Rs. 5/-
AJANTPHARM,2013-09-17,1.5,1,1,Bonus 1:2
AJANTPHARM,2015-03-20,2.5,1,1,Face Value Split (Sub-Division) - From Rs 5/- Per Share To Rs 2/- Per Share
AJANTPHARM,2022-06-22,1.5,1,1,Bonus- 1:2
AJMERA,2026-01-14,5.0,1,1,Face Value Split (Sub-Division) - From Rs 10/- Per Share To Rs 2/- Per Share
AJOONI,2022-10-07,5.0,1,1,Face Value Split (Sub-Division) - From Rs 10/- Per Share To Rs 2/- Per Share
AJRINFRA,2009-10-26,5.0,1,1,Fv Split Rs.10/- To Rs.2/
AJRINFRA,2013-01-23,1.0294117647,1,1,Bonus 1:34
AKI,2023-06-22,5.0,1,1,Face Value Split (Sub-Division) - From Rs 10/- Per Share To Rs 2/- Per Share
AKSHAR,2023-07-31,10.0,1,1,Face Value Split (Sub-Division) - From Rs 10/- Per Share To Re 1/- Per Share
AKSHAR,2024-02-15,1.2,1,1,Bonus 1:5
ALANKIT,2015-09-23,5.0,1,1, Face Value Split (Sub-Division) - From Rs 10/- Per Share To Rs 2/- Per Share
ALANKIT,2016-10-19,2.0,1,1, Bonus 1:1
ALCHEMIST,2007-03-08,2.0,1,1,Bonus 1:1
ALEMBICLTD,2006-09-26,5.0,1,1,Fv Split Rs.10/- To Rs.2/
ALEMBICLTD,2013-09-27,2.0,1,1,Bonus 1:1
ALICON,2006-12-04,2.0,1,1,Fv Split Rs.10/- To Rs.5/
ALKYLAMINE,2014-09-08,2.0,1,1,Face Value Split (Sub-Division) - From Rs 10/- Per Share To Rs 5/- Per Share
ALKYLAMINE,2021-05-11,2.5,1,1, Face Value Split (Sub-Division) - From Rs 5/- Per Share To Rs 2/- Per Share
ALLCARGO,2009-11-19,5.0,1,1,Fv Spl-Rs10to2/Div-Rs2.50
ALLCARGO,2015-12-30,2.0,1,1, Bonus 1:1
ALLCARGO,2024-01-02,4.0,1,1,Bonus 3:1
ALMONDZ,2024-07-23,6.0,1,1,Face Value Split (Sub-Division) - From Rs 6/- Per Share To Re 1/- Per Share
ALPSINDUS,2006-09-22,2.0,1,1,Dividend-7.50% /Bonus 1:1
AMJLAND,2009-03-23,5.0,1,1,Fv Split Rs.10/- To Rs.2/
AMRUTANJAN,2012-10-25,5.0,1,1,Face Value  Split From Rs. 10 To Rs. 2/-
AMRUTANJAN,2018-04-13,2.0,1,1, Face Value Split (Sub-Division) - From Rs 2/- Per Share To Re 1/- Per Share
ANANDRATHI,2025-03-05,2.0,1,1,Bonus 1:1
ANANDRATHI,2026-06-03,2.0,1,1,Bonus 1:1
ANANTRAJ,2007-10-08,5.0,1,1,Fv Split Rs.10/- To Re.2/
ANDHRAPAP,2024-09-11,5.0,1,1,Face Value Split (Sub-Division) - From Rs 10/- Per Share To Rs 2/- Per Share
ANDHRSUGAR,2021-12-30,5.0,1,1, Face Value Split (Sub-Division) - From Rs 10/- Per Share To Rs 2/- Per Share
ANGELONE,2026-02-26,10.0,1,1,Face Value Split (Sub-Division) - From Rs 10/- Per Share To Re 1/- Per Share
ANMOL,2023-07-18,5.0,1,1,Bonus 4:1
ANSALAPI,2006-05-10,2.0,1,1,Fv Split Rs.10/- To Rs.5/
ANSALAPI,2007-04-23,2.0,1,1,Bonus 1:1
ANSALHSG,2013-04-10,3.0,1,1,Bonus 2:1
ANTELOPUS,2010-12-31,1.1,1,1,Bonus 1:10
ANUHPHR,2025-07-15,2.0,1,1,Bonus 1:1
ANUP,2024-04-23,2.0,1,1,Bonus 1:1
APARINDS,2007-01-11,1.3333333333,1,1,Bonus-1:3
APCOTEXIND,2013-08-14,2.0,1,1,Face Value Split From Rs.10/- To Rs.5/-
APCOTEXIND,2015-09-23,2.0,1,1, Bonus 1:1
APCOTEXIND,2019-07-04,2.5,1,1, Face Value Split (Sub-Division) - From Rs 5 Per Share To Rs 2 Per Share
APLAPOLLO,2020-12-15,5.0,1,1, Face Value Split (Sub-Division) - From Rs 10/- Per Share To Rs 2/- Per Share
APLAPOLLO,2021-09-16,2.0,1,1, Bonus 1:1
APOLLO,2023-05-04,10.0,1,1,Face Value Split (Sub-Division) - From Rs 10/- Per Share To Re 1/- Per Share
APOLLOHOSP,2010-09-02,2.0,1,1,Face Value Split From Rs.10/- To Rs.5/-
APOLLOPIPE,2021-12-02,3.0,1,1, Bonus 2:1
APOLLOTYRE,2007-08-17,10.0,1,1,Fv Split Rs.10/- To Re.1/
APOLSINHOT,2018-10-12,2.0,1,1, Face Value Split (Sub-Division) - From Rs 10/- Per Share To Rs 5/- Per Share
APTECHT,2023-07-14,1.4,1,1,Bonus 2:5
AQUA,2010-10-01,10.0,1,1,Face Value Split From Rs.10/- To Re.1/-
AQYLON,2026-03-05,10.0,1,1,Face Value Split (Sub-Division) - From Rs 10/- Per Share To Re 1/- Per Share
ARCHIES,2010-11-02,5.0,1,1,Face Value Split From Rs.10/- To Rs.2/-
ARCOTECH,2017-06-22,5.0,1,1, Face Value Split From Rs 10/- Per Share To Rs 2/- Per Share
ARE&M,2007-09-19,5.0,1,1,Fv Split Rs.10/- To Rs.2/
ARE&M,2008-10-14,1.5,1,1,Bonus 1:2
ARE&M,2012-09-25,2.0,1,1,Face Value Split From Rs.2/- To Re.1/-
ARIHANTCAP,2022-04-12,5.0,1,1,Face Value Split (Sub-Division) - From Rs 5/- Per Share To Re 1/- Per Share
AROGRANITE,2008-09-26,1.5,1,1,Bonus 1:2
AROGRANITE,2013-10-30,1.5,1,1,Bonus 1 : 2
ARTEMISMED,2021-09-23,10.0,1,1, Face Value Split (Sub-Division) - From Rs 10/- Per Share To Re 1/- Per Share
ASHAPURMIN,2007-10-18,2.0,1,1,Bonus 1:1
ASHCO,2009-12-08,10.0,1,1,Agm/Fv Spl Rs.10 To Re.1
ASHIANA,2013-10-24,5.0,1,1,Face Value Split From Rs.10/- To Rs.2/-
ASHOKA,2013-07-03,3.0,1,2,Bonus 1:2 And Face Value Split Rs.10/- To Rs.5/-
ASHOKA,2018-07-12,1.5,1,1, Bonus 1:2
ASHOKLEY,2011-08-02,2.0,1,1,Bonus 1:1
ASHOKLEY,2025-07-16,2.0,1,1,Bonus 1:1
ASIANELEC,2007-10-22,2.0,1,1,Fv Split Rs.10/- To Rs.5/
ASIANPAINT,2013-07-30,10.0,1,1,Face Value Split Rs 10 To Re 1
ASTRAL,2010-09-15,2.0,1,1,Face Value Split From Rs.10/- To Rs.5/-
ASTRAL,2013-09-05,2.5,1,1,Face Value Split From Rs.5/- To Rs.2/-
ASTRAL,2014-09-25,2.0,1,1,Face Value Split From Rs 2/- Per Share To Re 1/- Per Share
ASTRAL,2019-09-16,1.25,1,1, Bonus 1:4
ASTRAL,2021-03-18,1.3333333333,1,1, Bonus 1:3
ASTRAL,2023-03-14,1.3333333333,1,1,Bonus 1:3
ASTRAMICRO,2010-12-30,1.5,1,1,Bonus 1:2
ASTRAZEN,2006-06-15,5.0,1,1,Fv Split Rs.10/- To Rs.2/
ATALREAL,2023-11-16,5.0,1,1,Face Value Split (Sub-Division) - From Rs 10/- Per Share To Rs 2/- Per Share
ATLANTAA,2010-11-08,5.0,1,1,Face Value Split From Rs.10/- To Rs.2/-
ATLASCYCLE,2017-10-30,2.0,1,1, Face Value Split (Sub-Division) - From Rs 10/- Per Share To Rs 5/- Per Share
ATULAUTO,2014-09-12,2.0,1,1,Face Value Split (Sub-Division) - From Rs 10/- Per Share To Rs 5/- Per Share
AUBANK,2022-06-09,2.0,1,1,Bonus 1:1
AURIGROW,2022-01-20,2.0,1,1,Bonus 1:1
AURIGROW,2022-03-24,10.0,1,1,Face Value Split (Sub-Division) - From Rs 10/- Per Share To Re 1/- Per Share
AURIONPRO,2024-06-27,2.0,1,1,Bonus 1:1
AUROPHARMA,2011-02-10,5.0,1,1,Face Value Split From Rs.5/- To Re.1/-
AUROPHARMA,2015-07-20,2.0,1,1,Bonus 1:1
AURUS,2014-09-29,1.5,1,1,Bonus 1:2
AURUS,2017-07-12,1.4,1,1, Bonus 2:5
AUSTRAL,2009-08-07,10.0,1,1,Fv Split Rs.10/- To Re.1/
AVADHSUGAR,2019-06-27,2.0,1,1, Bonus 1:1
AVANTIFEED,2015-11-26,5.0,1,1, Face Value Split (Sub-Division) - From Rs 10/- Per Share To Rs 2/- Per Share
AVANTIFEED,2018-06-26,3.0,1,2, Bonus 1:2/Face Value Split (Sub-Division) From Rs 2/- Per Share To Re 1/- Per Share
AVONMORE,2024-06-28,10.0,1,1,Face Value Split (Sub-Division) - From Rs 10/- Per Share To Rs 1/- Per Share
AVROIND,2026-05-05,10.0,1,1,Face Value Split (Sub-Division) - From Rs 10/- Per Share To Re 1/- Per Share
AVTNPL,2012-06-07,10.0,1,1,Face Value Split From Rs 10 To Re 1
AVTNPL,2013-09-26,2.0,1,1,Bonus 1:1
AXISBANK,2014-07-28,5.0,1,1,Face Value Split From Rs 10/- To Rs 2/- Per Share
AXITA,2022-10-21,10.0,1,1,Face Value Split (Sub-Division) - From Rs 10/- Per Share To Re 1/- Per Share
AXITA,2023-12-22,1.3333333333,1,1,Bonus 1:3
AXITA,2024-09-20,1.3333333333,1,1,Bonus 1:3
AXITA,2026-02-13,1.1,1,1,Bonus 1:10
BAJAJ-AUTO,2010-09-08,2.0,1,1,Bonus 1:1
BAJAJCON,2011-05-05,5.0,1,1,Face Value Split From Rs.5/- To Re.1/-
BAJAJELEC,2010-01-28,5.0,1,1,Fv Split Rs.10 To Rs.2
BAJAJFINSV,2022-09-13,10.0,2,2,Face Value Split (Sub-Division) - From Rs 5/- Per Share To Re 1/- Per Share | Bonus 1:1
BAJFINANCE,2016-09-08,10.0,1,2, Bonus 1:1/Face Value Split (Sub-Division) - From Rs 10/- Per Share To Rs 2/- Per Share
BAJFINANCE,2025-06-16,10.0,2,2,Face Value Split (Sub-Division) - From Rs 2/- Per Share To Re 1/- Per Share | Bonus 4:1
BALAMINES,2010-11-18,5.0,1,1,Face Value Split From Rs.10/- To Rs.2/-
BALAXI,2024-05-30,5.0,1,1,Face Value Split (Sub-Division) - From Rs 10/- Per Share To Rs 2/- Per Share
BALKRISIND,2010-12-20,5.0,1,1,Face Value Split From Rs.10/- To Rs.2/-
BALKRISIND,2017-12-21,2.0,1,1, Bonus 1:1
BALMLAWRIE,2013-05-23,1.75,1,1,Bonus 3:4
BALMLAWRIE,2016-12-26,4.0,1,1, Bonus 3:1
BALMLAWRIE,2019-12-26,1.5,1,1, Bonus 1:2
BANCOINDIA,2007-08-30,2.0,1,1,Bonus 1:1
BANCOINDIA,2007-11-23,5.0,1,1,Fv Split Rs.10/- To Rs.2/
BANCOINDIA,2024-12-30,2.0,1,1,Bonus 1:1
BANKBARODA,2015-01-22,5.0,1,1,Face Value Split (Sub-Division) - From Rs 10/- Per Share To Rs 2/- Per Share
BANKRAJAS,2007-08-16,1.25,1,1,Agm/Div-20%/Bonus 1:4
BANKRAJAS,2008-09-18,1.2,1,1,Bonus 1: 5
BANSWRAS,2022-09-08,2.0,1,1,Face Value Split (Sub-Division) - From Rs 10/- Per Share To Rs 5/- Per Share
BASML,2021-02-12,2.0,1,1, Face Value Split (Sub-Division) - From Rs 10/- Per Share To Rs 5/- Per Share
BATAINDIA,2015-10-07,2.0,1,1, Face Value Split (Sub-Division) - From Rs 10/- Per Share To Rs 5/- Per Share
BATLIBOI,2007-09-26,2.0,1,1,Fv Split Rs.10/- To Rs.5/
BBL,2024-04-24,2.0,1,1,Face Value Split (Sub-Division) - From Rs 10/- Per Share To Rs 5/- Per Share
BBOX,2012-12-19,2.0,1,1,Bonus 1:1
BBOX,2022-05-13,5.0,1,1,Face Value Split (Sub-Division) - From Rs 10/- Per Share To Rs 2/- Per Share
BBTC,2012-11-08,5.0,1,1,Face Value Split From Rs 10 To Rs 2
BCG,2021-08-18,1.25,1,1, Bonus 1:4
BCG,2022-03-15,1.6666666667,1,1,Bonus 2:3
BCLIND,2023-10-27,10.0,1,1,Face Value Split (Sub-Division) - From Rs 10/- Per Share To Re 1/- Per Share
BDL,2024-05-24,2.0,1,1,Face Value Split (Sub-Division) - From Rs 10/- Per Share To Rs 5/- Per Share
BEARDSELL,2017-05-04,6.0,1,2, Bonus 1:5/Face Value Split (Sub-Division) - From Rs 10/- Per Share To Rs 2/- Per Share
BECTORFOOD,2025-12-12,5.0,1,1,Face Value Split (Sub-Division) - From Rs 10/- Per Share To Rs 2/- Per Share
BEL,2015-09-14,3.0,1,1, Bonus 2:1
BEL,2017-03-16,10.0,1,1, Face Value Split From Rs 10/- Per Share To Re 1/- Per Share
BEL,2017-09-28,1.1,1,1, Bonus 1:10
BEL,2022-09-15,3.0,1,1,Bonus 2:1
BEML,2025-11-03,2.0,1,1,Face Value Split (Sub-Division) - From Rs 10/- Per Share To Rs 5/- Per Share
BEPL,2023-07-05,1.5,1,1,Bonus 1:2
BERGEPAINT,2006-10-12,1.6,1,1,Bonus 3:5
BERGEPAINT,2015-01-08,2.0,1,1,Face Value Split (Sub-Division) - From Rs 2/- Per Share To Re 1/- Per Share
BERGEPAINT,2016-07-15,1.4,1,1, Bonus 2:5
BERGEPAINT,2023-09-22,1.2,1,1,Bonus 1:5
BESTAGRO,2026-01-16,15.0,2,2,Bonus 1:2 | Face Value Split (Sub-Division) - From Rs 10/- Per Share To Re 1/- Per Share
BHAGCHEM,2024-05-02,10.0,1,1,Face Value Split (Sub-Division) - From Rs 10/- Per Share To Rs 1/- Per Share
BHAGERIA,2019-07-17,2.0,1,1, Bonus 1:1
BHAGYNAGAR,2006-09-07,2.0,1,1,Bonus 1:1
BHARATFORG,2005-07-20,5.0,1,1,Spl Rs10 To Rs2 /Div-125%
BHARATFORG,2017-09-28,2.0,1,1, Bonus 1:1
BHARATGEAR,2022-09-27,1.5,1,1,Bonus 1:2
BHARATRAS,2025-12-12,4.0,2,2,Bonus 1:1 | Face Value Split (Sub-Division) - From Rs 10/- Per Share To Rs 5/- Per Share
BHEL,2007-05-31,2.0,1,1,Bonus 1:1
BHEL,2011-10-03,5.0,1,1,Face Value Split From Rs.10/- To Rs.2/-
BHEL,2017-09-28,1.5,1,1, Bonus 1:2
BIGBLOC,2021-11-15,5.0,1,1, Face Value Split (Sub-Division) - From Rs 10/- Per Share To Rs 2/- Per Share
BIGBLOC,2024-09-12,2.0,1,1,Bonus 1:1
BILENERGY,2013-03-26,10.0,1,1,Face Value Split From Rs.10/- To Re. 1/-
BILENERGY,2018-01-11,2.0,1,1, Bonus 1:1
BILPOWER,2012-10-04,2.0,1,1,Bonus 1:1
BIOCON,2008-09-11,2.0,1,1,Bonus 1:1
BIOCON,2017-06-15,3.0,1,1, Bonus 2:1
BIOCON,2019-06-12,2.0,1,1, Bonus 1:1
BIRLACOT,2009-10-23,10.0,1,1,Fv Split Rs.10/- To Re.1/
BIRLACOT,2010-09-29,1.2,1,1,Bonus 1:5
BIRLAMONEY,2008-07-11,10.0,1,1,Fv Split Rs.10/- To Re.1/
BIRLAPOWER,2009-04-24,10.0,1,1,Fv Split Rs.10/- To Rs.1/
BIRLAPOWER,2010-10-20,1.2,1,1,Bonus 1:5
BLKASHYAP,2007-10-22,2.0,1,1,Fv Split Rs.10/- To Rs.5/
BLKASHYAP,2010-09-29,10.0,1,2,Bonus 1:1 / Face Value Split From Rs. 5/- To Re. 1/-
BLS,2017-04-26,10.0,1,1, Face Value Split From Rs 10/- Per Share To Re 1/- Per Share
BLS,2022-05-13,2.0,1,1,Bonus 1:1
BLS,2022-12-08,2.0,1,1,Bonus 1:1
BLUESTARCO,2006-09-20,5.0,1,1,Fv Split Rs.10/- To Rs.2/
BLUESTARCO,2023-06-20,2.0,1,1,Bonus 1:1
BOMDYEING,2012-10-30,5.0,1,1,Face Value Split From Rs.10/- To Rs.2/-
BORORENEW,2018-08-02,4.0,1,1, Bonus 3:1
BOSCHCHASY,2007-06-06,2.0,1,1,Bonus - 1:1
BPCL,2012-07-13,2.0,1,1,Annual General Meeting/ Dividend Rs 11/- Per Share/ Bonus 1:1
BPCL,2016-07-13,2.0,1,1, Bonus 1:1
BPCL,2017-07-13,1.5,1,1, Bonus 1:2
BPCL,2024-06-21,2.0,1,1,Bonus 1:1
BRIGADE,2019-08-28,1.5,1,1, Bonus 1:2
BRIGADE,2026-06-17,1.3333333333,1,1,Bonus 1:3
BRITANNIA,2010-09-08,5.0,1,1,Face Value Split From Rs.10/- To Rs.2/-
BRITANNIA,2018-11-29,2.0,1,1, Face Value Split (Sub-Division) - From Rs 2/- Per Share To Re 1/- Per Share
BSE,2022-03-21,3.0,1,1,Bonus 2:1
BSE,2025-05-23,3.0,1,1,Bonus 2:1
BSHSL,2022-09-23,10.0,1,1,Face Value Split (Sub-Division) - From Rs 10/- Per Share To Re 1/- Per Share
BSLIMITED,2013-09-30,2.0,1,1,Bonus 1:1
BSLIMITED,2014-01-21,10.0,1,1,Face Value Split From Rs 10/- To Re 1/-
BSOFT,2007-01-04,5.0,1,2,Bonus-1:1 Spl-Rs 5/ To 2/
BSOFT,2012-03-13,2.0,1,1,Bonus 1:1
BTML,2024-04-05,10.0,1,1,Face Value Split (Sub-Division) - From Rs 10/- Per Share To Re 1/- Per Share
CAMS,2025-12-05,5.0,1,1,Face Value Split (Sub-Division) - From Rs 10/- Per Share To Rs 2/- Per Share
CANBK,2024-05-15,5.0,1,1,Face Value Split (Sub-Division) - From Rs 10/- Per Share To Rs 2/- Per Share
CANFINHOME,2017-10-12,5.0,1,1, Face Value Split (Sub-Division) - From Rs 10/- Per Share To Rs 2/- Per Share
CANTABIL,2023-11-02,5.0,1,1,Face Value Split (Sub-Division) - From Rs 10/- Per Share To Rs 2/- Per Share
CARBORUNIV,2005-06-23,2.0,1,1,Agm/ Div-100%/Bonus 1:1
CARBORUNIV,2011-10-05,2.0,1,1,Face Value Split From Rs.2/- To Re.1/-
CASTEXTECH,2011-11-21,2.0,1,1,Bonus 1:1
CASTROL,2010-04-09,2.0,1,1,Bonus 1:1
CASTROL,2012-09-04,2.0,1,1,Bonus 1:1
CASTROLIND,2017-12-21,2.0,1,1, Bonus 1:1
CCAVENUE,2017-08-31,10.0,1,1, Annual General Meeting/Face Value Split (Sub-Division) - From Rs 10/- Per Share To Re 1/- Per Share
CCAVENUE,2021-03-18,2.0,1,1, Bonus 1:1
CCAVENUE,2022-03-14,2.0,1,1,Bonus 1:1
CCCL,2010-02-10,5.0,1,1,Fv Split Rs.10 To Rs.2
CCL,2013-08-19,10.0,1,2,Bonus 1:1 And Face Value Split From Rs.10/- To Rs.2/-
CDSL,2024-08-23,2.0,1,1,Bonus 1:1
CEMPRO,2015-08-21,10.0,1,1, Face Value Split (Sub-Division) - From Rs 10/- Per Share To Re 1/- Per Share
CENTURYPLY,2008-04-24,10.0,1,1,Fv Split Rs.10/- To Re.1/
CERA,2010-09-02,2.0,1,1,Bonus 1:1
CESC,2021-09-17,10.0,1,1, Face Value Split (Sub-Division) - From Rs 10/- Per Share To Re 1/- Per Share
CGCL,2024-03-05,4.0,2,2,Bonus 1:1 | Face Value Split (Sub-Division) - From Rs 2/- Per Share To Re 1/- Per Share
CGPOWER,2006-08-10,5.0,1,1,Fv Split Rs.10/- To Rs.2/
CGPOWER,2006-12-14,1.4,1,1,Bonus 2:5
CGPOWER,2010-03-08,1.75,1,1,Bonus 3:4
CHOICEIN,2022-09-22,2.0,1,1,Bonus 1:1
CHOICEIN,2024-02-20,2.0,1,1,Bonus 1:1
CHOLAFIN,2019-06-14,5.0,1,1, Face Value Split (Sub-Division) - From Rs 10/- Per Share To Rs 2/- Per Share
CINEVISTA,2008-01-22,5.0,1,1,Fv Split Rs.10/- To Rs.2/
CIPLA,2006-04-24,2.5,1,1,Bonus 3:2
CLASSIC,2008-01-11,5.0,1,1,Fv Split Rs.10/- To Rs.2/
CLEDUCATE,2021-09-30,2.0,1,1, Face Value Split (Sub-Division) - From Rs 10/- Per Share To Rs 5/- Per Share
CLEDUCATE,2022-12-16,2.0,1,1,Bonus 1:1
CMAHENDRA,2015-06-18,2.0,1,1,Bonus 1:1
CMC,2011-06-08,2.0,1,1,Dividend Rs.20/- Per Share And Bonus 1:1
COASTCORP,2025-03-04,5.0,1,1,Face Value Split (Sub-Division) - From Rs 10/- Per Share To Rs 2/- Per Share
COCHINSHIP,2024-01-10,2.0,1,1,Face Value Split (Sub-Division) - From Rs 10/- Per Share To Rs 5/- Per Share
COFORGE,2007-08-30,1.5,1,1,Bonus 1:2
COFORGE,2025-06-04,5.0,1,1,Face Value Split (Sub-Division) - From Rs 10/- Per Share To Rs 2/- Per Share
COHANCE,2020-09-25,2.0,1,1, Bonus 1:1
COLPAL,2015-09-23,2.0,1,1, Bonus 1:1
COMPINFO,2017-02-16,5.0,1,1, Face Value Split (Sub-Division) - From Rs 10/- Per Share To Rs 2/- Per Share
CONCOR,2008-04-16,2.0,1,1,Bonus - 1:1
CONCOR,2013-09-06,1.5,1,1,Bonus 1:2
CONCOR,2017-04-05,1.25,1,1, Bonus 1:4
CONCOR,2018-06-26,2.0,1,1, Face Value Split (Sub-Division) - From Rs 10/- Per Share To Rs 5/- Per Share
CONCOR,2019-02-04,1.25,1,1, Bonus 1:4
CONCOR,2025-07-04,1.25,1,1,Bonus 1:4
CORALFINAC,2017-08-03,5.0,1,1, Face Value Split (Sub-Division) - From Rs 10/- Per Share To Rs 2/- Per Share
CORALHUB,2009-02-27,10.0,1,1,Fv Split Rs.10/- To Re.1/
CORALHUB,2009-08-06,1.5,1,1,Bonus 1:2
CORDELIA,2026-08-25,10.0,1,1,Face Value Split (Sub-Division) - From Rs 10/- Per Share To Re 1/- Per Share
COREEDUTEC,2007-06-06,5.0,1,1,Agm/Div-5%/Spl-Rs10tors2 Purpose Revised
COROMANDEL,2010-12-23,2.0,1,1,Face Value Split From Rs.2/- To Re.1/-
CORPBANK,2015-01-22,5.0,1,1,Face Valus Split (Sub-Division) - From Rs 10/- Per To Rs 2/- Per Share
COSMOFIRST,2022-06-16,1.5,1,1,Bonus 1:2
COUNCODOS,2009-09-04,3.0,1,1,Bonus 2:1
COX&KINGS,2011-06-21,2.0,1,1,Face Value Split From Rs.10/- To Rs.5/-
CRISIL,2011-09-28,10.0,1,1,Face Value Split From Rs.10/- To Re.1/-
CUB,2008-01-23,10.0,1,1,Fv Split Rs.10/- To Re.1/
CUB,2017-07-13,1.1,1,1, Bonus 1:10
CUB,2018-07-10,1.1,1,1, Bonus 1:10
CUB,2026-06-12,1.3333333333,1,1,Bonus 1:3
CUMMINSIND,2011-09-20,1.4,1,1,Bonus 2:5
CUPID,2018-10-11,1.2,1,1, Bonus 1:5
CUPID,2024-04-04,20.0,2,2,Face Value Split (Sub-Division) - From Rs 10/- Per Share To Re 1/- Per Share | Bonus 1:1
CUPID,2026-03-09,5.0,1,1,Bonus 4:1
CYIENT,2006-07-28,3.0,1,2,Fv Spl-10 To 5 / Bon 1:2
CYIENT,2010-06-10,2.0,1,1,Bonus 1:1
DABUR,2007-01-25,1.5,1,1,Bonus - 1:2
DABUR,2010-09-08,2.0,1,1,Bonus 1:1
DAMODARIND,2018-10-25,2.0,1,1, Face Value Split (Sub-Division) - From Rs 10/- Per Share To Rs 5/- Per Share
DANGEE,2022-09-06,15.0,2,2,Bonus 1:2 | Face Value Split (Sub-Division) - From Rs 10/- Per Share To Re 1/- Per Share
DAVANGERE,2024-05-31,10.0,1,1,Face Value Split (Sub-Division) - From Rs 10/- Per Share To Re 1/- Per Share
DBEIL,2026-06-19,10.0,1,1,Face Value Split (Sub-Division) - From Rs 10/- Per Share To Re 1/- Per Share
DCHL,2007-03-13,5.0,1,1,Fv Split Rs.10/- To Rs.2/
DECCANCE,2017-09-11,2.0,1,1, Face Value Split (Sub-Division) - From Rs 10/- Per Share To Rs 5/- Per Share
DEEPAKNTR,2014-06-20,10.0,1,2,Bonus 1 : 1 / Face Value Split From Rs 10/- Each To Rs 2/- Each
DEEPINDS,2023-04-10,2.0,1,1,Face Value Split (Sub-Division) - From Rs 10/- Per Share To Rs 5/- Per Share
DELPHIFX,2026-02-13,15.0,2,2,Bonus 2:1 | Face Value Split (Sub-Division) - From Rs 10/- Per Share To Rs 2/- Per Share
DELTACORP,2008-01-15,10.0,1,1,Fv Split Rs.10/- To Re.1/
DEVIT,2022-11-25,2.0,1,1,Face Value Split (Sub-Division) - From Rs 10/- Per Share To Rs 5/- Per Share
DEVIT,2025-08-21,2.5,1,1,Face Value Split (Sub-Division) - From Rs 5/- Per Share To Rs 2/- Per Share
DFMFOODS,2018-11-01,5.0,1,1, Face Value Split (Sub-Division) - From Rs 10/- Per Share To Rs 2/- Per Share
DHANUS,2011-08-29,3.4,1,1,Bonus 12:5
DHARAN,2020-07-02,5.0,1,1, Face Value Split (Sub-Division) - From Rs 10/- Per Share To Rs 2/- Per Share
DHARAN,2021-08-12,10.0,2,2, Bonus 4:1 |  Face Value Split (Sub-Division) - From Rs 2/- Per Share To Re 1/- Per Share
DHARAN,2025-04-04,2.0,1,1,Bonus 1:1
DHFL,2015-09-09,2.0,1,1, Bonus 1:1
DIACABS,2024-12-03,10.0,1,1,Face Value Split (Sub-Division) - From Rs 10/- Per Share To Re 1/- Per Share
DIAPOWER,2013-08-26,1.3333333333,1,1,Bonus 1:3
DIL,2022-10-27,2.0,1,1,Bonus 1:1
DISHMAN,2016-05-02,2.0,1,1, Bonus 1:1
DIVISLAB,2007-08-03,5.0,1,1,Agm/Fv Split Rs10 To Rs2
DIVISLAB,2009-07-30,2.0,1,1,Bonus-1:1
DIVISLAB,2015-09-23,2.0,1,1, Bonus 1:1
DIXON,2021-03-18,5.0,1,1, Face Value Split (Sub-Division) - From Rs 10/- Per Share To Rs 2/- Per Share
DJML,2024-08-09,3.0,1,1,Bonus 2:1
DOLLAR,2017-08-31,5.0,1,1, Face Value Split (Sub-Division) - From Rs 10/- Per Share To Rs 2/- Per Share
DOLPHIN,2024-01-25,10.0,1,1,Face Value Split (Sub-Division) - From Rs 10/- Per Share To Re 1/- Per Share
DOLPHINOFF,2007-01-11,1.6,1,1,Bonus 3:5
DOLPHINOFF,2009-06-29,1.4,1,1,Agm/ Div-Rs.3 / Bonus 2:5
DPSCLTD,2011-12-15,230.0,1,2,Bonus 22:1 And Face Value Split From Rs.10/- To Re.1/-
DPWIRES,2023-11-08,1.1428571429,1,1,Bonus 1:7
DRCSYSTEMS,2022-03-16,10.0,1,1,Face Value Split (Sub-Division) - From Rs 10/- Per Share To Re 1/- Per Share
DRCSYSTEMS,2024-02-27,3.0,1,1,Bonus 2:1
DRREDDY,2006-08-28,2.0,1,1,Bonus 1:1
DRREDDY,2024-10-28,5.0,1,1,Face Value Split (Sub-Division) - From Rs 5/- Per Share To Re 1/- Per Share
DUCON,2022-04-18,1.1,1,1,Bonus 1:10
DVL,2021-08-05,1.5,1,1, Bonus 1:2
DWARKESH,2017-08-10,10.0,1,1, Annual General Meeting/Dividend - Rs 10 Per Share/Face Value Split (Sub-Division) - From Rs 10/- Per Share To Re 1/- Per Share (Purpose Revised)
DYCL,2025-07-11,2.0,1,1,Bonus 1:1
E2E,2026-06-05,10.0,1,1,Face Value Split (Sub-Division) - From Rs 10/- Per Share To Re 1/- Per Share
EASEMYTRIP,2022-02-28,2.0,1,1,Bonus 1:1
EASEMYTRIP,2022-11-21,8.0,2,2,Face Value Split (Sub-Division) - From Rs 2/- Per Share To Re 1/- Per Share | Bonus 3:1
EASEMYTRIP,2024-11-29,2.0,1,1,Bonus 1:1
EASTSILK,2008-06-27,5.0,1,1,Fv Split Rs.10/- To Rs.2/
EASUNREYRL,2007-07-31,5.0,1,1,Fv Split Rs.10/- To Rs.2/
ECLERX,2010-07-23,1.5,1,1,Bonus 1:2
ECLERX,2015-12-17,1.3333333333,1,1, Bonus 1:3
ECLERX,2022-09-21,1.5,1,1,Bonus 1:2
ECLERX,2026-03-13,2.0,1,1,Bonus 1:1
EDELWEISS,2010-08-10,10.0,1,2,Face Value Split From Rs.5/- To Re.1/- And Bonus 1:1
EDUCOMP,2009-10-27,5.0,1,1,Fv Split Rs.10/- To Rs.2/
EICHERMOT,2020-08-24,10.0,1,1, Face Value Split (Sub-Division) - From Rs 10/- Per Share To Re 1/- Per Share
EIDPARRY,2010-12-23,2.0,1,1,Face Value Split From Rs.2/- To Re.1/-
EIHAHOTELS,2024-08-13,2.0,1,1,Bonus 1:1
EIHOTEL,2006-09-12,7.5,1,2,Spl-Rs10 To Rs2/Bonus-1:2
EKC,2007-08-21,5.0,1,1,Fv Split Rs.10/- To Rs.2/
ELECON,2006-10-17,5.0,1,1,Fv Split Rs.10/- To Rs.2/
ELECON,2007-10-10,3.0,1,1,Bonus 2:1
ELECON,2024-07-19,2.0,1,1,Face Value Split (Sub-Division) - From Rs 2/- Per Share To Re 1/- Per Share
ELECTCAST,2007-09-17,10.0,1,1,Fv Split Rs.10/- To Re.1/
ELGIEQUIP,2010-12-14,2.0,1,1,Bonus 1:1
ELGIEQUIP,2020-09-24,2.0,1,1, Bonus 1:1
EMAMILTD,2010-07-21,2.0,1,1,Dividend Rs.6/- Per Share And Face Value Split From Rs.2/- To Re.1/-
EMAMILTD,2013-06-26,1.5,1,1,Bonus 1:2 And Dividend Rs.8/- Per Share
EMAMILTD,2018-06-21,2.0,1,1, Bonus 1:1/Dividend- Rs 7 Per Share
EMCO,2008-03-14,5.0,1,1,Fv Split Rs.10/- To Rs.2/
ENGINERSIN,2010-05-06,6.0,1,2,Fv Spl-Rs10tors5/Bon-2:1
ENGINERSIN,2016-12-30,2.0,1,1, Bonus 1:1
ENTEGRA,2011-09-26,1.3076923077,1,1,Bonus 4:13
EPL,2006-06-08,5.0,1,1,Fv Split Rs.10/- To Rs.2/
EPL,2018-06-20,2.0,1,1, Bonus 1:1
ESSENTIA,2022-02-03,3.0,1,1,Face Value Split (Sub-Division) - From Rs 3/- Per Share To Re 1/- Per Share
ESSENTIA,2024-01-11,2.0,1,1,Bonus 1:1
EVINIX,2008-04-29,10.0,1,1,Fv Split Rs.10/- To Re.1/
EXIDEIND,2006-09-08,10.0,1,1,Fv Split Rs.10/- To Re.1/
EXXARO,2024-12-13,10.0,1,1,Face Value Split (Sub-Division) - From Rs 10/- Per Share To Re 1/- Per Share
FCL,2015-02-12,2.0,1,1,Bonus 1:1
FCL,2015-06-11,5.0,1,1,Face Valus Split (Sub-Division) - From Rs 10/- Per Share To Rs 2/- Per Share
FCL,2025-10-31,10.0,2,2,Face Value Split (Sub-Division) - From Rs 2/- Per Share To Re 1/- Per Share | Bonus 4:1
FCSSOFT,2009-10-15,10.0,1,1,Fv Split Rs.10/- To Re.1/
FCSSOFT,2010-02-26,2.0,1,1,Bonus 1:1
FEDERALBNK,2013-10-17,5.0,1,1,Face Value Split From Rs.10/- To Rs.2/-
FEDERALBNK,2015-07-08,2.0,1,1,Bonus 1:1
FEL,2006-12-12,5.0,1,1,Fv Split Rs.10/- To Rs.2/
FIEMIND,2024-02-28,2.0,1,1,Bonus 1:1
FILATEX,2018-06-27,5.0,1,1, Face Value Split (Sub-Division) - From Rs 10/- Per Share To Rs 2/- Per Share
FILATEX,2022-12-27,2.0,1,1,Face Value Split (Sub-Division) - From Rs 2/- Per Share To Re 1/- Per Share
FILATFASH,2024-08-09,5.0,1,1,Face Value Split (Sub-Division) - From Rs 5/- Per Share To Re 1/- Per Share
FINCABLES,2007-01-08,5.0,1,1,Fv Split Rs.10/- To Rs.2/
FINPIPE,2021-04-15,5.0,1,1, Face Value Split (Sub-Division) - From Rs 10/- Per Share To Rs 2/- Per Share
FISCHER,2025-09-12,10.0,1,1,Face Value Split (Sub-Division) - From Rs 10/- Per Share To Re 1/- Per Share
FOCUS,2023-10-06,5.0,1,1,Face Value Split (Sub-Division) - From Rs 10/- Per Share To Rs 2/- Per Share
GABRIEL,2012-07-12,2.0,1,1,Bonus 1:1
GAEL,2020-10-01,2.0,1,1, Face Value Split (Sub-Division) - From Rs 2/- Per Share To Re 1/- Per Share
GAEL,2024-03-15,2.0,1,1,Bonus 1:1
GAIL,2008-10-06,1.5,1,1,Bonus 1:2
GAIL,2017-03-09,1.3333333333,1,1, Bonus 1:3
GAIL,2018-03-27,1.3333333333,1,1, Bonus 1:3
GAIL,2019-07-09,2.0,1,1, Bonus 1:1
GAIL,2022-09-06,1.5,1,1,Bonus 1:2
GALLISPAT,2018-08-07,10.0,1,1, Face Value Split (Sub-Division) - From Rs 10/- Per Share To Re 1/- Per Share
GANDHITUBE,2008-03-17,2.0,1,1,Fv Split Rs.10/- To Rs.5/
GANESHHOU,2016-07-14,1.5,1,1, Bonus 1:2
GANGAFORGE,2021-09-13,10.0,1,1, Face Value Split (Sub-Division) - From Rs 10/- Per Share To Re 1/- Per Share
GARFIBRES,2025-01-03,5.0,1,1,Bonus 4:1
GATECH,2017-01-10,1.25,1,1, Bonus 1:4
GAYAPROJ,2017-02-10,5.0,1,1, Face Value Split From Rs 10/- Per Share To Rs 2/- Per Share
GDL,2007-08-02,1.25,1,1,Bonus 1:4
GEEKAYWIRE,2023-10-23,5.0,1,1,Face Value Split (Sub-Division) - From Rs 10/- Per Share To Rs 2/- Per Share
GEEKAYWIRE,2025-10-30,2.0,1,1,Face Value Split (Sub-Division) - From Rs 2/- Per Share To Re 1/- Per Share
GEMINI,2007-07-17,2.0,1,1,Bonus 1:1
GEMINI,2008-09-17,5.0,1,1,Fv Split Rs.5/- To Re.1/-
GENESYS,2010-06-23,2.0,1,1,Face Value Split From Rs.10/- To Rs.5/-
GENSOL,2023-10-17,3.0,1,1,Bonus 2:1
GENUSPOWER,2010-10-22,10.0,1,1,Face Value Split From Rs.10/- To Re.1/-
GEODESIC,2007-08-17,1.5,1,1,Bonus 1:2
GEOJITFSL,2006-09-26,10.0,1,1,Fv Split Rs.10/- To Re.1/
GFLLIMITED,2008-02-01,2.0,1,1,Fv Split Rs.2/- To Re.1/-
GICRE,2018-07-12,2.0,1,1, Bonus 1:1/Dividend- Rs 13.5 Per Share
GILLANDERS,2010-09-14,1.5,1,1,Bonus 1:2
GLAXO,2018-09-11,2.0,1,1, Bonus 1:1
GLENMARK,2007-09-10,2.0,1,1,Agm/Fv Split Rs.2 To Re.1
GLOBAL,2022-10-19,2.0,1,1,Face Value Split (Sub-Division) - From Rs 10/- Per Share To Rs 5/- Per Share
GLOBAL,2024-12-10,2.5,1,1,Face Value Split (Sub-Division) - From Rs 5/- Per Share To Rs 2/- Per Share
GLOBE,2021-08-03,15.0,2,2, Face Value Split (Sub-Division) - From Rs 10/- Per Share To Rs 2/- Per Share |  Bonus 2:1
GLODYNE,2009-08-20,2.0,1,1,Div-Rs.4.20 Pr Sh/Bon 1:1
GLODYNE,2011-02-10,1.6666666667,1,1,Face Value Split From Rs.10/- To Rs.6/-
GMBREW,2014-05-16,1.25,1,1,Dividend Rs 2.50/- Per Share / Bonus 1 : 4
GMBREW,2016-05-30,1.25,1,1, Bonus 1:4
GMBREW,2018-05-21,1.25,1,1, Bonus 1:4
GMBREW,2024-05-24,1.25,1,1,Bonus 1:4
GMDCLTD,2007-11-08,5.0,1,1,Fv Split Rs.10/- To Rs.2/
GMDCLTD,2008-10-16,2.0,1,1,Bonus 1:1
GMMPFAUDLR,2022-07-11,3.0,1,1,Bonus 2:1
GMRAIRPORT,2007-09-28,5.0,1,1,Fv Split Rs.10/- To Rs.2/
GMRAIRPORT,2009-10-01,2.0,1,1,Fv Split Rs.2/- To Re.1/-
GNA,2023-09-01,2.0,1,1,Bonus 1:1
GODFRYPHLP,2014-11-28,5.0,1,1,Face Value Split From Rs 10/- Per Share To Rs 2/- Per Share
GODFRYPHLP,2025-09-16,3.0,1,1,Bonus 2:1
GODREJCP,2006-08-24,4.0,1,1,Fv Split Rs.4/- To Re.1/-
GODREJCP,2017-06-22,2.0,1,1, Bonus 1:1
GODREJCP,2018-09-12,1.5,1,1, Bonus 1:2
GODREJIND,2006-08-25,6.0,1,1,Fv Split Rs.6/- To Re.1/
GODREJIND,2015-01-05,1.0008,1,1,Bonus 1 : 1250
GODREJPROP,2013-11-21,2.0,1,1,Face Value Split From Rs.10/- To Rs.5/-
GOENKA,2012-10-25,10.0,1,1,Face Value Split From Rs.10/- To Re.1/-
GOKEX,2007-02-08,2.0,1,1,Fv Split Rs.10/- To Rs.5/
GOKUL,2009-10-14,5.0,1,1,Fv Split Rs.10/- To Rs.2/Rd Revised
GOKULAGRO,2025-10-14,2.0,1,1,Face Value Split (Sub-Division) - From Rs 2/- Per Share To Re 1/- Per Share
GOLDIAM,2022-03-28,5.0,1,1,Face Value Split (Sub-Division) - From Rs 10/- Per Share To Rs 2/- Per Share
GOLDIAM,2026-07-10,1.3333333333,1,1,Bonus 1:3
GOODLUCK,2026-08-21,3.0,1,1,Bonus 2:1
GOYALALUM,2023-04-25,10.0,1,1,Face Value Split (Sub-Division) - From Rs 10/- Per Share To Re 1/- Per Share
GPIL,2021-10-26,4.0,2,2, Bonus 1:1 |  Face Value Split (Sub-Division) - From Rs 10/- Per Share To Rs 5/- Per Share
GPIL,2024-10-04,5.0,1,1,Face Value Split (Sub-Division) - From Rs 5/- Per Share To Re 1/- Per Share
GPTINFRA,2017-07-13,2.0,1,1, Bonus 1:1
GPTINFRA,2022-11-11,2.0,1,1,Bonus 1:1
GPTINFRA,2024-07-03,2.0,1,1,Bonus 1:1
GRANULES,2015-03-23,10.0,1,1,Face Value Split Rs 10 To Rs 1
GRAPHITE,2006-12-11,5.0,1,1,Fv Split Rs.10/- To Rs.2/
GRASIM,2016-10-06,5.0,1,1, Face Value Split From Rs 10 To Re 2
GRAVITA,2012-05-25,5.0,1,1,Face Value Split From Rs.10/- To Rs.2/-
GREAVESCOT,2010-11-24,5.0,1,1,Interim Dividend Rs 2/- Per Share And Face Value Split From Rs 10/- To Rs 2/-
GREENLAM,2022-02-10,5.0,1,1,Face Value Split (Sub-Division) - From Rs 5/- Per Share To Re 1/- Per Share
GREENLAM,2025-03-21,2.0,1,1,Bonus 1:1
GREENPLY,2016-01-06,5.0,1,1, Face Value Split (Sub-Division) - From Rs 5/- Per Share To Re 1/- Per Share
GRINDWELL,2016-07-14,2.0,1,1, Bonus 1:1
GRMOVER,2025-12-24,3.0,1,1,Bonus 2:1
GRPLTD,2024-08-12,4.0,1,1,Bonus 3:1
GRUH,2012-07-24,5.0,1,1,Face Value Split From Rs 10 To Rs 2
GRUH,2014-06-09,2.0,1,1,Bonus Issue 1 : 1
GRUH,2018-06-06,2.0,1,1, Bonus 1:1
GSFC,2012-09-20,5.0,1,1,Face Value Split From Rs 10 To Rs 2
GUJAPOLLO,2008-12-19,1.5,1,1,Bonus 1:2
GUJENERGY,2019-01-15,5.0,1,1, Face Value Split (Sub-Division) - From Rs 10/- Per Share To Rs 2/- Per Share
GUJNRECOKE,2006-09-28,2.0,1,1,Bonus 1:1
GUJNRECOKE,2008-10-17,1.4,1,1,Bonus 2:5
GUJRATGAS,2007-05-15,5.0,1,1,Fv Split Rs.10/- To Rs.2/
GUJRATGAS,2009-09-17,2.0,1,1,Bonus 1:1
GULFPETRO,2013-07-09,2.2105263158,1,1,Bonus 23:19
GULPOLY,2023-06-21,1.2,1,1,Bonus 1:5
GVKPIL,2008-02-08,10.0,1,1,Fv Split Rs.10/- To Re.1/
GVPTECH,2023-01-23,5.0,1,1,Face Value Split (Sub-Division) - From Rs 10/- Per Share To Rs 2/- Per Share
GVT&D,2008-10-22,5.0,1,1,Fv Split Rs.10/- To Rs.2/Rd Date Revised
HAL,2023-09-28,2.0,1,1,Face Value Split (Sub-Division) - From Rs 10/- Per Share To Rs 5/- Per Share
HARDWYN,2022-07-25,1.5,1,1,Bonus 1:2
HARDWYN,2023-06-05,13.333333332999999,2,2,Bonus 1:3 | Face Value Split (Sub-Division) - From Rs 10/- Per Share To Re 1/- Per Share
HARDWYN,2024-12-27,1.4,1,1,Bonus 2:5
HARDWYN,2026-07-28,1.4,1,1,Bonus 2:5
HATHWAY,2015-01-06,5.0,1,1,Face Value Split (Sub-Division) - From Rs 10/- Per Share To Rs 2/- Per Share
HATSUN,2016-07-13,1.4,1,1, Bonus 2:5
HATSUN,2020-12-09,1.3333333333,1,1, Bonus 1:3
HAVELLS,2006-07-20,2.0,1,1,Bonus 1:1
HAVELLS,2010-10-08,2.0,1,1,Bonus 1:1
HAVELLS,2014-08-26,5.0,1,1,Face Value Split From Rs 5/- Per Share To Re 1/- Per Share
HBLENGINE,2009-11-24,10.0,1,1,Fv Split Rs.10/- To Re.1/
HCC,2010-08-10,2.0,1,1,Bonus 1:1
HCLTECH,2007-03-15,2.0,1,1,Bonus 1:1
HCLTECH,2015-03-19,2.0,1,1,Bonus 1 : 1
HCLTECH,2019-12-05,2.0,1,1, Bonus 1:1
HDFC,2010-08-18,5.0,1,1,Face Value Split From Rs.10/- To Rs.2/-
HDFCAMC,2025-11-26,2.0,1,1,Bonus 1:1
HDFCBANK,2011-07-14,5.0,1,1,Face Value Split From Rs.10/- To Rs.2/-
HDFCBANK,2019-09-19,2.0,1,1, Face Value Split (Sub-Division) - From Rs 2 Per Share To Rs 1 Per Share
HDFCBANK,2025-08-26,2.0,1,1,Bonus 1:1
HDIL,2008-08-21,1.2857142857,1,1,Bonus - 2:7
HEG,2024-10-18,5.0,1,1,Face Value Split (Sub-Division) - From Rs 10/- Per Share To Rs 2/- Per Share
HERCULES,2008-09-17,10.0,1,1,Fv Split Rs.10/- To Re.1/
HERCULES,2012-07-11,2.0,1,1,Annual General Meeting/Dividend Rs.3.50 Per Share/Bonus 1:1 (Purpose Revised)
HERITGFOOD,2013-07-26,2.0,1,1,Bonus 1:1
HERITGFOOD,2017-10-10,2.0,1,1, Face Value Split (Sub-Division) - From Rs 10/- Per Share To Rs 5/- Per Share
HEXAWARE,2011-02-24,2.0,1,1,Dividend Rs 1.40 Per Share / Bonus 1:1
HGS,2022-02-22,2.0,1,1,Bonus 1:1
HIKAL,2015-02-27,5.0,1,1,Face Value Split (Sub-Division): From Rs 10/- Per Share To Rs 2/- Per Share
HIKAL,2018-06-22,1.5,1,1, Bonus 1:2
HINDCOMPOS,2017-05-25,3.0,1,2, Bonus 1:2/Face Value Split (Sub-Division) From Rs 10 Per Share To Rs 5 Per Share
HINDCON,2023-11-10,5.0,1,1,Face Value Split (Sub-Division) - From Rs 10/- Per Share To Rs 2/- Per Share
HINDDORROL,2006-05-26,5.0,1,1,Fv Split Rs.10/- To Rs.2/
HINDDORROL,2006-11-23,1.2,1,1,Bonus 1:5
HINDDORROL,2010-03-15,2.0,1,1,Bonus 1:1
HINDNATGLS,2009-11-12,5.0,1,1,Fv Split Rs.10/- To Rs.2/
HINDPETRO,2016-09-14,3.0,1,1, Bonus 2:1
HINDPETRO,2017-07-11,1.5,1,1, Bonus 1:2/ Dividend - Rs 1.10 Per Share
HINDPETRO,2024-06-21,1.5,1,1,Bonus 1:2
HINDZINC,2011-03-07,10.0,1,2,Bonus - 1:1 And Face Value Split From Rs. 10 To Rs. 2
HIRECT,2007-08-28,5.0,1,1,Fv Split Rs.10/- To Rs.2/
HIRECT,2008-10-06,2.0,1,1,Bonus - 1:1
HIRECT,2026-03-27,2.0,1,1,Bonus 1:1
HITECH,2023-03-17,10.0,1,1,Face Value Split (Sub-Division) - From Rs 10/- Per Share To Re 1/- Per Share
HITECHGEAR,2010-12-01,2.0,1,1,Bonus 1:1
HLEGLAS,2022-10-18,5.0,1,1,Face Value Split (Sub-Division) - From Rs 10/- Per Share To Rs 2/- Per Share
HMAAGRO,2023-12-29,10.0,1,1,Face Value Split (Sub-Division) - From Rs 10/- Per Share To Re 1/- Per Share
HNDFDS,2022-07-21,5.0,1,1,Face Value Split (Sub-Division) - From Rs 10/- Per Share To Rs 2/- Per Share
HPAL,2023-11-09,5.0,1,1,Face Value Split (Sub-Division) - From Rs 10/- Per Share To Rs 2/- Per Share
HSCL,2010-11-08,10.0,1,1,Face Value Split From Rs.10/- To Re.1/-
HTMEDIA,2006-12-28,5.0,1,1,Fv Split Rs.10/- To Rs.2/
HUHTAMAKI,2007-05-25,5.0,1,1,Fv Split Rs.10/- To Rs.2/
ICICIBANK,2014-12-04,5.0,1,1,Face Value Split (Sub-Division) - From Rs 10/- Per Share To Rs 2/- Per Share
ICICIBANK,2017-06-20,1.1,1,1, Annual General Meeting/Dividend - Rs 2.50 Per Share/Bonus 1:10 (Revised)
ICSA,2007-10-23,5.0,1,1,Fv Split Rs.10/- To Rs.2/
IEX,2018-10-19,10.0,1,1, Face Value Split (Sub-Division) - From Rs 10/- Per Share To Re 1/- Per Share
IEX,2021-12-03,3.0,1,1, Bonus 2:1
IFGLEXPOR,2025-07-18,2.0,1,1,Bonus 1:1
IGARASHI,2018-09-27,1.1237623762,1,1, Bonus 25:202
IGL,2017-11-09,5.0,1,1, Face Value Split (Sub-Division) - From Rs 10/- Per Share To Rs 2/- Per Share
IGL,2025-01-31,2.0,1,1,Bonus 1:1
IIFL,2008-08-08,5.0,1,1,Fv Split Rs.10/- To Rs.2/
IMFA,2022-01-07,2.0,1,1,Bonus 1:1
IMPAL,2012-09-10,2.0,1,1,Bonus 1:1
IMPAL,2019-10-25,1.5,1,1, Bonus 1:2
INDHOTEL,2006-10-27,10.0,1,1,Fv Split Rs.10/- To Re.1/
INDIAGLYCO,2025-08-12,2.0,1,1,Face Value Split (Sub-Division) - From Rs 10/- Per Share To Rs 5/- Per Share
INDIAMART,2023-06-21,2.0,1,1,Bonus 1:1
INDIANHUME,2010-08-30,5.0,1,1,Face Value Split From Rs.10/- To Rs.2/-
INDIANHUME,2016-12-09,2.0,1,1, Bonus 1:1
INDNIPPON,2011-09-20,1.4,1,1,Bonus 2:5
INDNIPPON,2018-03-21,2.0,1,1, Face Value Split (Sub-Division) - From Rs 10/- Per Share To Rs 5/- Per Share
INDOCO,2012-05-17,7.5,1,2,Bonus 1:2 And Face Value Split From Rs.10 To Rs.2
INDOTHAI,2025-07-18,10.0,1,1,Face Value Split (Sub-Division) - From Rs 10/- Per Share To Re 1/- Per Share
INDTERRAIN,2015-12-21,5.0,1,1, Face Value Split (Sub-Division) - From Rs 10/- Per Share To Rs 2/- Per Share
INFINITE,2017-11-01,1.0384615385,1,1, Bonus 1:26
INFOBEAN,2026-02-27,4.0,1,1,Bonus 3:1
INFODRIVE,2014-12-24,10.0,1,1,Face Value Split (Sub Division) - From Rs 10/- Per Share To Re 1/- Per Share
INFY,2006-07-13,2.0,1,1,Bonus 1:1
INFY,2014-12-02,2.0,1,1,Bonus 1:1
INFY,2015-06-15,2.0,1,1,Annual General Meeting/ Dividend - Rs 29.50/- Per Share And Bonus 1:1
INFY,2018-09-04,2.0,1,1, Bonus 1:1
INOXWIND,2024-05-24,4.0,1,1,Bonus 3:1
INSECTICID,2015-04-16,1.5,1,1,Bonus 1:2
INSECTICID,2022-09-30,1.5,1,1,Bonus 1:2
INVENTURE,2012-05-22,4.0,1,1,Bonus - 3:1
INVENTURE,2021-06-24,10.0,1,1, Face Value Split (Sub-Division) - From Rs 10/- Per Share To Re 1/- Per Share
IOC,2009-10-29,2.0,1,1,Bonus 1:1
IOC,2016-10-18,2.0,1,1, Bonus 1:1
IOC,2018-03-15,2.0,1,1, Bonus 1:1
IOC,2022-06-30,1.5,1,1,Bonus 1:2
IOLCP,2025-03-11,5.0,1,1,Face Value Split (Sub-Division) - From Rs 10/- Per Share To Rs 2/- Per Share
IONEXCHANG,2023-06-12,10.0,1,1,Face Value Split (Sub-Division) - From Rs 10/- Per Share To Re 1/- Per Share
IPCALAB,2010-03-22,5.0,1,1,Fv Split Rs.10 To Rs.2
IPCALAB,2022-01-10,2.0,1,1,Face Value Split (Sub-Division) - From Rs 2/- Per Share To Re 1/- Per Share
IRB,2023-02-22,10.0,1,1,Face Value Split (Sub-Division) - From Rs 10/- Per Share To Re 1/- Per Share
IRB,2026-03-30,2.0,1,1,Bonus 1:1
IRCON,2020-04-03,5.0,1,1, Face Value Split (Sub-Division) - From Rs 10/- Per Share To Rs 2/- Per Share
IRCON,2021-05-20,2.0,1,1, Bonus 1:1
IRCTC,2021-10-28,5.0,1,1, Face Value Split (Sub-Division) - From Rs 10/- Per Share To Rs 2/- Per Share
IRISDOREME,2023-08-11,5.0,1,1,Face Value Split (Sub-Division) - From Rs 10/- Per Share To Rs 2/- Per Share
IRISDOREME,2025-07-04,2.0,1,1,Bonus 1:1
ITC,2010-08-03,2.0,1,1,Bonus 1:1
ITC,2016-07-01,1.5,1,1, Bonus 1:2
IVC,2006-06-23,1.5,1,1,Agm / Div-35% / Bonus 1:2
IVC,2008-07-28,1.5,1,1,Bonus - 1:2
IVC,2009-09-16,5.0,1,1,Fv Split Rs.10/- To Rs.2/
IVC,2013-12-26,1.5,1,1,Bonus 1:2
IVRCLAH,2010-05-20,1.5,1,1,Bonus 1:2
IVRCLINFRA,2010-03-18,2.0,1,1,Bonus 1:1
J&KBANK,2014-09-04,10.0,1,1,Face Value Split - From Rs 10/- Per Share To Re 1/- Per Share
JAGRAN,2006-11-02,1.2,1,1,Bonus 1:5
JAGRAN,2008-01-09,5.0,1,1,Fv Split Rs.10/- To Rs.2/
JAGSNPHARM,2025-01-08,2.5,1,1,Face Value Split (Sub-Division) - From Rs 5/- Per Share To Rs 2/- Per Share
JAIBALAJI,2025-01-17,5.0,1,1,Face Value Split (Sub-Division) - From Rs 10/- Per Share To Rs 2/- Per Share
JAICORPLTD,2007-10-05,20.0,1,2,Fv Spl-Rs10tore1/Bon-1:1
JAMNAAUTO,2015-12-03,2.0,1,1, Face Value Split (Sub-Division) - From Rs 10/- Per Share To Rs 5/- Per Share
JAMNAAUTO,2017-10-05,5.0,1,1, Face Value Split (Sub-Division) - From Rs 5/- Per Share To Re 1/- Per Share
JASH,2024-10-30,5.0,1,1,Face Value Split (Sub-Division) - From Rs 10/- Per Share To Rs 2/- Per Share
JAYAGROGN,2017-08-01,2.0,1,1, Bonus 1:1
JAYBARMARU,2006-09-25,2.0,1,1,Bonus 1:1
JAYBARMARU,2021-06-07,2.0,1,1, Bonus 1:1
JAYBARMARU,2023-10-26,2.5,1,1,Face Value Split (Sub-Division) - From Rs 5/- Per Share To Rs 2/- Per Share
JAYSREETEA,2010-08-13,2.0,1,1,Face Value Split From Rs.10/- To Rs.5/-
JBCHEPHARM,2023-09-18,2.0,1,1,Face Value Split (Sub-Division) - From Rs 2/- Per Share To Re 1/- Per Share
JBMA,2007-10-24,1.5,1,1,Bonus 1:2
JBMA,2014-10-08,4.0,1,2,Bonus 1:1 And Face Value Split Rs.10/- To Rs.5/- Per Share
JBMA,2022-02-21,2.5,1,1,Face Value Split (Sub-Division) - From Rs 5/- Per Share To Rs 2/- Per Share
JBMA,2025-01-31,2.0,1,1,Face Value Split (Sub-Division) - From Rs 2/- Per Share To Re 1/- Per Share
JETFREIGHT,2022-05-19,2.0,1,1,Face Value Split (Sub-Division) - From Rs 10/- Per Share To Rs 5/- Per Share
JINDALPOLY,2010-10-22,2.0,1,1,Bonus 1:1
JINDALSAW,2009-12-10,5.0,1,1,Fv Split Rs.10/- To Rs.2/
JINDALSAW,2024-10-09,2.0,1,1,Face Value Split (Sub-Division) - From Rs 2/- Per Share To Re 1/- Per Share
JINDALSTEL,2008-01-21,5.0,1,1,Fv Split Rs.5/- To Re.1/-
JINDALSTEL,2009-09-14,6.0,1,1,Div-Rs.5.50 Pr Sh/Bon 5:1purpose Revised
JINDRILL,2008-11-06,2.0,1,1,Fv Split-Rs10/- To Rs5/-
JINDWORLD,2017-12-26,2.0,1,1, Face Value Split (Sub-Division) - From Rs 10/- Per Share To Rs 5/- Per Share
JINDWORLD,2018-10-31,5.0,1,1, Face Value Split (Sub-Division) - From Rs 5/- Per Share To Re 1/- Per Share
JINDWORLD,2025-02-28,5.0,1,1,Bonus 4:1
JISLJALEQS,2010-10-29,5.0,1,1,Face Value Split From Rs.10/- To Rs.2/-
JKIL,2015-12-10,2.0,1,1, Face Value Split (Sub-Division) - From Rs 10/- Per Share To Rs 5/- Per Share
JKLAKSHMI,2009-12-17,2.0,1,1,Fv Split Rs.10 To Rs.5
JKTYRE,2014-12-18,5.0,1,1,Face Value Split (Sub-Division) - From Rs 10/- Per Share To Rs 2/- Per Share
JLHL,2026-07-24,5.0,1,1,Face Value Split (Sub-Division) - From Rs 10/- Per Share To Rs 2/- Per Share
JMA,2019-05-14,5.0,1,1, Face Value Split (Sub-Division) - From Rs 10/- Per Share To Rs 2/- Per Share
JMCPROJECT,2018-10-04,5.0,1,1, Face Value Split (Sub-Division) - From Rs 10/- Per Share To Rs 2/- Per Share
JMFINANCIL,2008-09-08,25.0,1,2,Fv Spl-Rs10tore1/Bon-3:2
JMTAUTOLTD,2014-07-30,3.5,1,1,Bonus 5:2
JMTAUTOLTD,2015-06-25,5.0,1,1,Face Value Split (Sub-Division) - From Rs 10/- Per Share To Rs 2/- Per Share
JMTAUTOLTD,2016-09-21,2.0,1,1, Face Value Split From Rs 2 To Re 1
JOCIL,2011-09-27,2.0,1,1,Bonus 1:1
JPASSOCIAT,2007-12-17,5.0,1,1,Fv Split Rs.10/- To Rs.2/
JPASSOCIAT,2009-12-17,1.5,1,1,Bonus 1:2
JTEKTINDIA,2006-09-14,2.0,1,1,Bonus 1:1
JTEKTINDIA,2008-09-02,2.0,1,1,Fv Split Rs.2/- To Re.1/-
JTLIND,2023-09-07,2.0,1,1,Bonus 1:1
JTLIND,2024-11-14,2.0,1,1,Face Value Split (Sub-Division) - From Rs 2/- Per Share To Re 1/- Per Share
JUBLFOOD,2018-06-21,2.0,1,1, Bonus 1:1
JUBLFOOD,2022-04-19,5.0,1,1,Face Value Split (Sub-Division) - From Rs 10/- Per Share To Rs 2/- Per Share
JYOTHYLAB,2008-12-12,5.0,1,1,Fv Split Rs.5/- To Re.1/-
JYOTHYLAB,2012-07-12,2.0,1,1,Annual General Meeting/Dividend Of Rs.2.50 Per Share/ Bonus 1:1
JYOTHYLAB,2018-06-28,2.0,1,1, Bonus 1:1
JYOTISTRUC,2006-07-28,5.0,1,1,Fv Split-Rs.10/-To Rs.2/-
KABRAEXTRU,2010-05-17,2.0,1,1,Face Value Split From Rs.10/- To Rs.5/-
KABRAEXTRU,2010-09-06,2.0,1,1,Bonus 1:1
KAJARIACER,2016-10-04,2.0,1,1, Face Value Split From Rs 2 To Re 1
KAMDHENU,2025-01-08,10.0,1,1,Face Value Split (Sub-Division) - From Rs 10/- Per Share To Re 1/- Per Share
KAMOPAINTS,2023-08-01,2.0,1,1,Bonus 1:1
KAMOPAINTS,2024-06-14,5.0,1,1,Face Value Split (Sub-Division) - From Rs 5/- Per Share To Re 1/- Per Share
KANANIIND,2012-11-01,5.0,1,1,Face Value Split From Rs.5/- To Re.1/-
KANANIIND,2013-02-01,1.1,1,1,Bonus 1:10
KANANIIND,2024-01-30,2.0,1,1,Bonus 1:1
KANORICHEM,2007-12-31,3.0,1,2,Fv Spl-Rs10tors5/Bon-1:2
KANPRPLA,2021-09-15,1.5,1,1, Bonus 1:2
KANSAINER,2010-06-23,2.0,1,1,Bonus 1:1
KANSAINER,2015-03-26,10.0,1,1,Face Value Split (Sub-Division) - From Rs 10/- Per Share To Re 1/- Per Share
KANSAINER,2023-07-04,1.5,1,1,Bonus 1:2
KAPSTON,2024-08-09,2.0,1,1,Face Value Split (Sub-Division) - From Rs 10/- Per Share To Rs 5/- Per Share
KAPSTON,2026-03-06,1.5,1,1,Bonus 1:2
KARURVYSYA,2006-07-19,2.0,1,1,Agm/Div - 120%/Bonus 1:1
KARURVYSYA,2010-09-16,1.4,1,1,Bonus 2:5
KARURVYSYA,2018-08-14,1.1,1,1, Bonus 1:10
KARURVYSYA,2025-08-26,1.2,1,1,Bonus 1:5
KCP,2010-09-02,10.0,1,1,1st Interim Dividend Rs.2.50 Per Share And Face Value Split From Rs.10/- To Re.1/- (Purpose Revised)
KEC,2010-12-30,5.0,1,1,Face Value Split From Rs.10/- To Rs.2/-
KEI,2006-12-21,5.0,1,1,Fv Split Rs.10/- To Rs.2/
KELLTONTEC,2018-03-27,2.0,1,1, Bonus 1:1
KELLTONTEC,2025-07-25,5.0,1,1,Face Value Split (Sub-Division) - From Rs 5/- Per Share To Re 1/- Per Share
KERNEX,2007-10-16,1.1,1,1,Bonus 1:10
KGL,2008-04-04,10.0,1,1,Fv Split Rs.10/- To Re.1/
KILITCH,2026-03-24,2.0,1,1,Bonus 1:1
KIMS,2024-09-13,5.0,1,1,Face Value Split (Sub-Division) - From Rs 10/- Per Share To Rs 2/- Per Share
KIRLOSOIL,2007-10-25,2.0,1,1,Bonus 1:1
KIRLPNU,2026-08-18,2.0,1,1,Face Value Split (Sub-Division) - From Rs 2/- Per Share To Re 1/- Per Share
KITEX,2017-06-22,1.4,1,1, Bonus 2:5
KITEX,2025-01-17,3.0,1,1,Bonus 2:1
KKCL,2021-12-16,5.0,1,1, Bonus 4:1
KMEW,2025-12-22,2.0,1,1,Face Value Split (Sub-Division) - From Rs 10/- Per Share To Rs 5/- Per Share
KMSUGAR,2010-03-26,5.0,1,1,Fv Split Rs.10 To Rs.2
KNRCON,2021-02-03,2.0,1,1, Bonus 1:1
KOKUYOCMLN,2008-08-22,10.0,1,1,Fv Split Rs.10/- To Re.1/
KOTAKBANK,2010-09-13,2.0,1,1,Face Value Split From Rs.10/- To Rs.5/-
KOTAKBANK,2015-07-08,2.0,1,1,Bonus 1: 1
KOTAKBANK,2026-01-14,5.0,1,1,Face Value Split (Sub-Division) - From Rs 5/- Per Share To Re 1/- Per Share
KOTHARIPRO,2014-03-28,3.0,1,1,Bonus 2 : 1
KOTHARIPRO,2016-01-05,1.5,1,1, Bonus 1:2
KOTHARIPRO,2025-02-18,2.0,1,1,Bonus 1:1
KOTYARK,2026-06-24,11.0,1,1,Bonus 10:1
KPIGREEN,2023-01-18,2.0,1,1,Bonus 1:1
KPIGREEN,2024-02-15,1.5,1,1,Bonus 1:2
KPIGREEN,2024-07-18,2.0,1,1,Face Value Split (Sub-Division) - From Rs10/- Per Share To Rs 5/- Per Share
KPIGREEN,2025-01-03,1.5,1,1,Bonus 1:2
KPIL,2010-09-08,5.0,1,1,Face Value Split From Rs.10/- To Rs.2/-
KPRMILL,2021-09-24,5.0,1,1, Face Value Split (Sub-Division) - From Rs 5/- Per Share To Re 1/- Per Share
KRBL,2010-02-10,10.0,1,1,Fv Spl-Rs10tore1/Div-1.50
KRISHANA,2023-10-25,2.0,1,1,Bonus 1:1
KRISHANA,2026-07-03,5.0,1,1,Face Value Split (Sub-Division) - From Rs 10/- Per Share To Rs 2/- Per Share
KRITIKA,2022-08-30,5.0,1,1,Face Value Split (Sub-Division) - From Rs 10/- Per Share To Rs 2/- Per Share
KRITIKA,2023-12-19,3.0,1,1,Bonus 2:1
KSB,2011-04-18,2.0,1,1,Bonus 1:1
KSB,2024-07-25,5.0,1,1,Face Value Split (Sub-Division) - From Rs 10/- Per Share To Rs 2/- Per Share
KSCL,2014-01-27,5.0,1,1,Face Value Split From Rs 10/- To Rs 2/-
KSERASERA,2015-03-30,10.0,1,1,Face Value Split (Sub-Division) - From Rs 10/- Per Share To Re 1/- Per Share
KSHITIJPOL,2022-10-27,5.0,1,1,Face Value Split (Sub-Division) - From Rs 10/- Per Share To Rs 2/- Per Share
KSOILS,2007-07-18,10.0,1,1,Fv Split Rs.10/- To Re.1/
KSOLVES,2025-02-06,2.0,1,1,Face Value Split (Sub-Division) - From Rs 10/- Per Share To Rs 5/- Per Share
KTIL,2016-08-11,2.08,1,2, Bonus 1:25/ Face Value Split (Sub-Division) - From Rs 10/- Per Share To Rs 5/- Per Share
KTKBANK,2020-03-17,1.1,1,1, Bonus 1:10
KUANTUM,2020-07-14,10.0,1,1, Face Value Split (Sub-Division) - From Rs 10/- Per Share To Re 1/- Per Share
KWALITY,2010-06-15,1.7142857143,1,1,Bonus 5:7
LAKSHVILAS,2006-11-17,1.5,1,1,Bonus 1:2/Rights 1:1
LAL,2024-03-28,15.454545455,2,2,Face Value Split (Sub-Division) - From Rs 10/- Per Share To Re 1/- Per Share | Bonus 6:11
LALPATHLAB,2025-12-19,2.0,1,1,Bonus 1:1
LAMBODHARA,2015-10-15,2.0,1,1, Face Value Split From Rs 10 To Rs 5
LANCER,2022-12-16,2.0,1,1,Face Value Split (Sub-Division) - From Rs 10/- Per Share To Rs 5/- Per Share
LANDSMILL,2018-01-23,3.0,1,1, Bonus 2:1
LANDSMILL,2022-09-28,15.0,2,2,Face Value Split (Sub-Division) - From Rs 10/- Per Share To Re 1/- Per Share | Bonus 1:2
LAOPALA,2014-09-24,5.0,1,1,Sub-Division From Rs 10/- Per Share To Rs 2/- Per Share
LAOPALA,2018-03-22,2.0,1,1, Bonus 1:1
LAURUSLABS,2020-09-29,5.0,1,1, Face Value Split (Sub-Division) - From Rs 10/- Per Share To Rs 2/- Per Share
LEMERITE,2026-05-29,5.0,1,1,Face Value Split (Sub-Division) - From Rs 10/- Per Share To Rs 2/- Per Share
LGBBROSLTD,2014-07-04,2.0,1,1,Annual General Meeting / Final Dividend - Rs 7/- Per Share / Bonus 1 : 1
LGBBROSLTD,2018-06-14,2.0,1,1, Bonus 1:1
LGHL,2025-10-10,2.4,1,1,Bonus 7:5
LIBAS,2021-04-06,1.2,1,1, Bonus 1:5
LIBAS,2021-09-21,1.2,1,1, Bonus 1:5
LICHSGFIN,2010-12-30,5.0,1,1,Face Value Split From Rs.10/- To Rs.2/-
LICI,2026-05-29,2.0,1,1,Bonus 1:1
LIKHITHA,2022-12-02,2.0,1,1,Face Value Split (Sub-Division) - From Rs 10/- Per Share To Rs 5/- Per Share
LINC,2024-12-20,4.0,2,2,Face Value Split (Sub-Division) - From Rs 10/- Per Share To Rs 5/- Per Share | Bonus 1:1
LITL,2010-01-04,10.0,1,1,Fv Split Rs.10 To Re.1
LMW,2006-12-13,10.0,1,1,Fv Spl 100 To 10/Div150%
LODHA,2023-05-31,2.0,1,1,Bonus 1:1
LT,2006-09-28,2.0,1,1,Bonus 1:1
LT,2008-10-01,2.0,1,1,Bonus 1:1
LT,2013-07-11,1.5,1,1,Bonus 1:2
LT,2017-07-13,1.5,1,1, Bonus 1:2
LUMAXTECH,2018-06-07,5.0,1,1, Face Value Split (Sub-Division) - From Rs 10/- Per Share To Rs 2/- Per Share
LUPIN,2006-08-11,2.0,1,1,Bonus 1:1
LUPIN,2010-08-27,5.0,1,1,Face Value Split From Rs.10/- To Rs.2/-
LUXIND,2016-06-06,5.0,1,1, Face Value Split From Rs 10 To Rs 2
M&M,2010-03-29,2.0,1,1,Fv Split Rs.10 To Rs.5
M&M,2017-12-21,2.0,1,1, Bonus 1:1
M&MFIN,2013-02-15,5.0,1,1,Face Value Split Rs 10 To Rs 2
MAANALU,2017-07-10,2.0,1,1, Bonus 1:1
MAANALU,2021-08-02,2.0,1,1, Bonus 1: 1
MAANALU,2023-07-27,4.0,2,2,Face Value Split (Sub-Division) - From Rs 10/- Per Share To Rs 5/- Per Share | Bonus 1:1
MADHUCON,2009-11-05,2.0,1,1,Fv Split Rs.2/- To Re.1/
MAGADSUGAR,2019-06-27,1.4,1,1, Bonus 4:10
MAHESHWARI,2020-10-13,2.0,1,1, Bonus 1:1
MAHLIFE,2021-09-14,3.0,1,1, Bonus 2:1
MAHSEAMLES,2006-04-18,2.0,1,1,Fv Split Rs.10/- To Rs.5/
MAHSEAMLES,2022-11-25,2.0,1,1,Bonus 1:1
MAITHANALL,2015-07-15,2.0,1,1,Bonus 1:1
MALCO,2008-07-17,5.0,1,1,Fv Split Rs.10/- To Rs.2/
MANAPPURAM,2011-06-09,2.0,1,1,Bonus Shares In The Ratio Of 1:1
MANINDS,2007-10-09,2.0,1,1,Fv Split Rs.10/- To Rs.5/
MANINFRA,2014-08-28,5.0,1,1,Annual General Meeting / Dividend - Rs 1.35/- Per Share / Face Value Split - From Rs 10/- Per Share To Rs 2/- Per Share
MANINFRA,2021-11-17,1.5,1,1, Bonus 1:2
MANORAMA,2024-03-07,5.0,1,1,Face Value Split (Sub-Division) - From Rs 10/- Per Share To Rs 2/- Per Share
MANPASAND,2017-09-27,2.0,1,1, Bonus 1:1
MARATHON,2018-04-05,2.0,1,1, Face Value Split (Sub-Division) - From Rs 10/- Per Share To Rs 5/- Per Share
MARICO,2007-02-21,10.0,1,1,Fv Split Rs.10/- To Re.1/
MARICO,2015-12-22,2.0,1,1, Bonus 1:1
MARINE,2021-02-18,5.0,1,1, Face Value Split (Sub-Division) - From Rs 10 Per Share To Rs 2 Per Share
MARKSANS,2008-03-11,10.0,1,1,Fv Split Rs.10/- To Re.1/
MASFIN,2024-02-22,3.0,1,1,Bonus 2:1
MAYURUNIQ,2013-09-25,2.0,1,1,Face Value Split From Rs.10/- To Rs.5/-
MAYURUNIQ,2014-03-28,2.0,1,1,Bonus 1 : 1
MAZDA,2025-01-28,5.0,1,1,Face Value Split (Sub-Division) - From Rs 10/- Per Share To Rs 2/- Per Share
MAZDOCK,2024-12-27,2.0,1,1,Face Value Split (Sub-Division) - From Rs 10/- Per Share To Rs 5/- Per Share
MBAPL,2022-10-18,2.0,1,1,Bonus 1:1
MBAPL,2023-10-20,2.0,1,1,Bonus 1:1
MBAPL,2026-07-03,5.0,1,1,Face Value Split (Sub-Division) - From Rs 10/- Per Share To Rs 2/- Per Share
MBLINFRA,2015-07-28,2.0,1,1,Bonus 1:1
MCX,2026-01-02,5.0,1,1,Face Value Split (Sub-Division) - From Rs 10/- Per Share To Rs 2/- Per Share
MEDICO,2023-03-16,5.0,1,1,Face Value Split (Sub-Division) - From Rs 10/- Per Share To Rs 2/- Per Share
MENONBE,2015-04-09,5.0,1,1,Face Value Split (Sub-Division) - From Rs 5/- Per Share To Re 1/- Per Share
MENONBE,2016-08-30,1.2,1,1, Bonus 1:5
METKORE,2011-11-03,5.0,1,1,Face Value Split From Rs.10/- To Rs.2/-
METROPOLIS,2026-03-20,4.0,1,1,Bonus 3:1
MFSL,2007-03-12,5.0,1,1,Fv Split Rs.10/- To Rs.2/
MGEL,2022-08-18,5.0,1,1,Face Value Split (Sub-Division) - From Rs 10/- Per Share To Rs 2/- Per Share
MGEL,2025-03-04,2.0,1,1,Face Value Split (Sub-Division) - From Rs 2/- Per Share To Re 1/- Per Share
MHRIL,2017-07-10,1.5,1,1, Bonus 1:2
MHRIL,2021-09-08,1.5,1,1, Bonus 1:2
MIC,2008-06-27,5.0,1,1,Fv Split Rs.10/- To Rs.2/
MICROTECH,2012-07-17,2.0,1,1,Bonus 1:1
MINDACORP,2012-03-27,2.0,1,1,Bonus 1:1
MINDACORP,2015-01-05,10.0,1,2,Bonus 1:1 / Face Value Split From Rs 10/- Per Share To Rs 2/- Per Share
MINDTECK,2024-09-20,1.25,1,1,Bonus 1:4
MINDTREE,2014-06-03,2.0,1,1,Bonus 1 : 1
MINDTREE,2016-03-09,2.0,1,1, Bonus 1:1
MIRZAINT,2007-04-24,5.0,1,1,Fv Split Rs.10/- To Rs.2/
MITTAL,2021-08-31,1.1,1,1, Bonus 1:10
MITTAL,2023-11-01,10.0,1,1,Face Value Split (Sub-Division) - From Rs 10/- Per Share To Re 1/- Per Share
MKPL,2023-11-10,10.0,1,1,Face Value Split (Sub-Division) - From Rs 10/- Per Share To Re 1/- Per Share
MKPL,2024-03-15,3.0,1,1,Bonus 2:1
MMFL,2008-09-26,2.0,1,1,Bonus - 1:1
MMFL,2018-07-18,2.0,1,1, Bonus 1:1
MMFL,2024-07-16,2.0,1,1,Bonus 1:1
MMTC,2010-07-29,20.0,1,2,Bonus 1:1 And Face Value Split From Rs.10 To Re.1
MMTC,2018-05-03,1.5,1,1, Bonus 1:2
MOHOTAIND,2014-02-06,3.0,1,1,Bonus 2 : 1
MOHOTAIND,2015-03-16,1.1666666667,1,1,Bonus 1:6
MOIL,2017-09-27,2.0,1,1, Bonus 1:1
MOKSH,2021-07-14,5.0,1,1, Face Value Split (Sub-Division) - From Rs 10/- Per Share To Rs 2/- Per Share
MOLDTKPAC,2016-02-17,2.0,1,1, Face Value Split (Sub-Division) - From Rs 10/- Per Share To Rs 5/- Per Share
MONARCH,2024-09-13,2.0,1,1,Bonus 1:1
MONEYBOXX,2025-12-15,2.0,1,1,Bonus 1:1
MONNETISPA,2018-08-29,0.33,1,1, Capital Reduction Rs 10 To Rs 3.30 / Consolidation Rs 3.30 To Rs.10
MONSANTO,2011-10-05,2.0,1,1,Bonus 1:1
MOSERBAER,2007-07-17,1.5,1,1,Bonus 1:2
MOTHERSON,2007-08-30,1.5,1,1,Bonus 1:2
MOTHERSON,2012-10-03,1.5,1,1,Bonus 1:2
MOTHERSON,2013-12-20,1.5,1,1,Bonus 1:2
MOTHERSON,2015-07-23,1.5,1,1,Annual General Meeting / Dividend - Rs 3/- Per Share / Bonus - 1:2
MOTHERSON,2017-07-05,1.5,1,1, Bonus 1:2
MOTHERSON,2018-10-30,1.5,1,1, Bonus 1:2
MOTHERSON,2022-10-03,1.5,1,1,Bonus 1:2
MOTHERSON,2025-07-18,1.5,1,1,Bonus 1:2
MOTILALOFS,2008-07-25,5.0,1,1,Fv Split Rs.5/- To Re.1/-
MOTILALOFS,2024-06-10,4.0,1,1,Bonus 3:1
MOTISONS,2024-11-08,10.0,1,1,Face Value Split (Sub-Division) - From Rs 10/- Per Share To Re 1/- Per Share
MOTOGENFIN,2020-06-19,2.0,1,1, Face Value Split (Sub-Division) - From Rs 10 Per Share To Rs 5  Per Share
MSUMI,2022-11-16,1.4,1,1,Bonus 2:5
MSUMI,2025-07-18,1.5,1,1,Bonus 1:2
MUNJALAU,2011-12-29,5.0,1,1,Face Value Split From Rs.10/- To Rs.2/-
MUNJALAU,2017-07-11,2.0,1,1, Bonus 1:1
MUNJALSHOW,2006-10-16,5.0,1,1,Fv Split Rs.10/- To Rs.2/
MURLIIND,2010-03-18,5.0,1,1,Fv Split Rs.10 To Rs.2
MUTHOOTCAP,2017-06-12,1.1,1,1, Bonus 1:10
MVL,2009-09-18,5.0,1,1,Fv Split Rs.10/- To Rs.2/
MVL,2010-11-16,2.0,1,1,Face Value Split From Rs.2/- To Re.1/-
MWL,2026-07-10,10.0,1,1,Face Value Split (Sub-Division) - From Rs 10/- Per Share To Re 1/- Per Share
NANDAN,2007-01-18,2.0,1,1,Bonus 1:1
NARMADA,2026-07-31,2.0,1,1,Face Value Split (Sub-Division) - From Rs 10/- Per Share To Rs 5/- Per Share
NATCOPHARM,2015-11-26,5.0,1,1, Face Value Split (Sub-Division) - From Rs 10/- Per Share To Rs 2/- Per Share
NATIONALUM,2011-03-15,4.0,1,2,Bonus 1:1 And Face Value Split From Rs.10/- To Rs.5/-
NAUKRI,2010-09-27,2.0,1,1,Bonus 1:1
NAUKRI,2012-06-22,2.0,1,1,Annual General Meeting/Dividend-Re.1/- Per Share/Bonus 1:1
NAUKRI,2025-05-07,5.0,1,1,Face Value Split (Sub-Division) - From Rs 10/- Per Share To Rs 2/- Per Share
NAVA,2016-09-01,2.0,1,1, Bonus 1:1
NAVA,2025-01-20,2.0,1,1,Face Value Split (Sub-Division) - From Rs 2/- Per Share To Re 1/- Per Share
NAVINFLUOR,2017-07-19,5.0,1,1, Face Value Split From Rs 10/- Per Share To Rs 2/- Per Share
NAVKARURB,2025-04-24,2.5,1,1,Bonus 3:2
NAVKARURB,2025-05-09,2.0,1,1,Face Value Split (Sub-Division) - From Rs 2/- Per Share To Re 1/- Per Share
NAVNETEDUL,2006-09-27,5.0,1,1,Split-Rs.10tors.2/Div-60%Purpose Revised
NAVNETEDUL,2009-09-08,2.5,1,1,Bonus 3:2
NAZARA,2022-06-24,2.0,1,1,Bonus 1:1
NAZARA,2025-09-26,4.0,2,2,Bonus 1:1 | Face Value Split (Sub-Division) - From Rs 4/- Per Share To Rs 2/- Per Share
NBCC,2016-06-02,5.0,1,1, Face Value Split (Sub-Division) - From Rs 10/- Per Share To Rs 2/- Per Share
NBCC,2017-02-17,1.5,1,1, Bonus 1:2
NBCC,2018-04-25,2.0,1,1, Face Value Split (Sub-Division) - From Rs 2/- Per Share To Re 1/- Per Share
NBCC,2024-10-07,1.5,1,1,Bonus 1:2
NBIFIN,2017-12-07,2.0,1,1, Face Value Split (Sub-Division) - From Rs 10/- Per Share To Rs 5/- Per Share
NCC,2006-09-20,2.0,1,1,Bonus 1:1
NDL,2022-03-24,3.0,1,1,Bonus 2:1
NDL,2024-09-19,10.0,1,1,Face Value Split (Sub-Division) - From Rs 10/- Per Share To Re 1/- Per Share
NDRAUTO,2023-07-24,2.0,1,1,Bonus 1:1
NDRAUTO,2024-09-25,2.0,1,1,Bonus 1:1
NECLIFE,2008-11-12,10.0,1,1,Fv Split Rs.10/- To Re.1/
NELCAST,2011-09-06,5.0,1,1,Face Value Split From Rs 10 To Rs 2
NESCO,2010-07-20,2.0,1,1,Bonus 1:1
NESCO,2017-09-15,5.0,1,1, Face Value Split (Sub-Division) - From Rs 10/- Per Share To Rs 2/- Per Share
NESTLEIND,2024-01-05,10.0,1,1,Face Value Split (Sub-Division) - From Rs10/- Per Share To Re 1/- Per Share
NESTLEIND,2025-08-08,2.0,1,1,Bonus 1:1
NEWGEN,2024-01-12,2.0,1,1,Bonus 1:1
NIACL,2018-06-27,2.0,1,1, Bonus 1:1/ Dividend- Rs 5 Per Share
NIITLTD,2007-08-24,7.5,1,2,Fv Spl-Rs10tors2/Bon-1:2
NINSYS,2023-08-03,1.8,1,1,Bonus 4:5
NIPPOBATRY,2021-10-28,2.0,1,1, Face Value Split (Sub-Division) - From Rs 10/- Per Share To Rs 5/- Per Share
NISSAN,2010-09-27,10.0,1,1,Face Value Split From Rs.10/- To Re.1/-
NITINFIRE,2010-11-04,5.0,1,1,Face Value Split From Rs.10/- To Rs.2/-
NITINFIRE,2011-09-22,3.5,1,1,Bonus 5:2
NITINFIRE,2014-11-13,1.3333333333,1,1,Bonus 1:3
NMDC,2008-04-10,10.0,1,1,Fv Split Rs.10/- To Re.1/
NMDC,2008-05-21,3.0,1,1,Bonus 2:1
NMDC,2024-12-27,3.0,1,1,Bonus 2:1
NORTHGATE,2007-08-31,2.0,1,1,Bonus 1:1
NRBBEARING,2007-03-26,5.0,1,1,Fv Split Rs.10/- To Rs.2/
NRBBEARING,2010-09-03,2.0,1,1,Bonus 1:1
NRL,2024-03-20,1.5,1,1,Bonus 1:2
NTPC,2019-03-19,1.2,1,1, Bonus 1:5
NUCLEUS,2007-08-03,2.0,1,1,Bonus 1:1
NUTEK,2009-12-23,2.0,1,1,Fv Split Rs.10 To Rs.5
NUVAMA,2025-12-26,5.0,1,1,Face Value Split (Sub-Division) - From Rs 10/- Per Share To Rs 2/- Per Share
NYKAA,2022-11-10,6.0,1,1,Bonus 5:1
OIL,2012-03-29,2.5,1,1,Bonus 3:2
OIL,2017-01-12,1.3333333333,1,1, Bonus 1:3
OIL,2018-03-27,1.5,1,1, Bonus 1:2
OIL,2024-07-02,1.5,1,1,Bonus 1:2
OMAXE,2013-11-11,1.2564102564,1,1,Bonus 10:39
ONEPOINT,2022-01-18,7.5,2,2,Bonus 1:2 | Face Value Split (Sub-Division) - From Rs 10/- Per Share To Rs 2/- Per Share
ONGC,2006-10-27,1.5,1,1,Bonus 1:2
ONGC,2011-02-08,4.0,1,2,Bonus 1:1 And Face Value Split From Rs.10/- To Rs.5/-
ONGC,2016-12-15,1.5,1,1, Bonus 1: 2
ONMOBILE,2011-05-03,2.0,1,1,Bonus 1:1
OPTOCIRCUI,2006-10-30,2.0,1,1,Bonus 1:1
OPTOCIRCUI,2007-10-25,1.5,1,1,Bonus 1:2
OPTOCIRCUI,2008-11-03,1.7,1,1,Bonus 7:10
OPTOCIRCUI,2012-03-29,1.3,1,1,Bonus 3:10
ORBITCORP,2010-06-29,2.0,1,1,Bonus 1:1
ORBTEXP,2017-02-14,2.0,1,1, Bonus 1:1/Interim Dividend Rs 2/- Per Share (Purpose Revised)
ORIENTCER,2009-08-12,2.0,1,1,Bonus 1:1
ORIENTHOT,2010-11-10,10.0,1,1,Face Value Split From Rs.10/- To Re.1/-
ORIENTPPR,2008-02-01,10.0,1,1,Fv Split Rs.10/- To Re.1/
ORIENTTECH,2026-01-05,1.1,1,1,Bonus 1:10
ORISSAMINE,2012-10-29,10.0,1,1,Face Value Split From Rs.10/- To Re.1/-
OSIAHYPER,2023-03-13,10.0,1,1,Face Value Split (Sub-Division) - From Rs 10/- Per Share To Re 1/- Per Share
OSWALSEEDS,2023-08-18,5.0,1,1,Face Value Split (Sub-Division) - From Rs 10/- Per Share To Rs 2/- Per Share
OSWALSEEDS,2024-02-02,1.2,1,1,Bonus 1:5
PAISALO,2022-06-30,10.0,1,1,Face Value Split (Sub-Division) - From Rs 10/- Per Share To Re 1/- Per Share
PAISALO,2024-03-20,2.0,1,1,Bonus 1:1
PANAMAPET,2014-09-19,5.0,1,1,Face Value Split From Rs.10/- To Rs.2/-
PANAMAPET,2017-10-03,1.5,1,1, Bonus 1:2
PANORAMUNI,2010-06-21,6.0,1,1,Bonus 5:1
PARACABLES,2007-01-25,5.0,1,1,Fv Split Rs.10/- To Rs.2/
PARAS,2025-07-04,2.0,1,1,Face Value Split (Sub-Division) - From Rs 10/- Per Share To Rs 5/- Per Share
PARSVNATH,2010-10-18,2.0,1,1,Face Value Split From Rs.10/- To Rs.5/-
PASHUPATI,2026-04-17,10.0,1,1,Face Value Split (Sub-Division) - From Rs 10/- Per Share To Re 1/- Per Share
PATANJALI,2025-09-11,3.0,1,1,Bonus 2:1
PAVNAIND,2025-09-01,10.0,1,1,Face Value Split (Sub-Division) - From Rs 10/- Per Share To Re 1/- Per Share
PCBL,2018-04-19,5.0,1,1, Face Value Split (Sub-Division) - From Rs 10/- Per Share To Rs 2/- Per Share
PCBL,2022-04-11,2.0,1,1,Face Value Split (Sub-Division) - From Rs 2/- Per Share To Re 1/- Per Share
PCJEWELLER,2017-07-06,2.0,1,1, Bonus 1:1
PCJEWELLER,2024-12-16,10.0,1,1,Face Value Split (Sub-Division) - From Rs 10/- Per Share To Re 1/- Per Share
PDPL,2010-09-13,1.3333333333,1,1,Annual General Meeting/Dividend Rs.2/- Per Share/Bonus 1:3
PDSL,2022-08-26,5.0,1,1,Face Value Split (Sub-Division) - From Rs 10/- Per Share To Rs 2/- Per Share
PENINLAND,2007-10-16,5.0,1,1,Fv Split Rs.10/- To Rs.2/
PERSISTENT,2015-03-10,2.0,1,1,Bonus 1 : 1
PERSISTENT,2024-03-28,2.0,1,1,Face Value Split (Sub-Division) - From Rs 10/- Per Share To Rs 5/- Per Share
PETRONET,2017-07-03,2.0,1,1, Bonus 1:1
PFC,2016-08-26,2.0,1,1, Bonus 1:1
PFC,2023-09-21,1.25,1,1,Bonus 1:4
PFOCUS,2010-10-29,10.0,1,1,Face Value Split From Rs.10/- To Re.1/-
PGEL,2024-07-10,10.0,1,1,Face Value Split (Sub-Division) - From Rs 10/- Per Share To Re 1/- Per Share
PGIL,2024-01-05,2.0,1,1,Face Value Split (Sub-Division) - From Rs10/- Per Share To Rs 5/- Per Share
PHOENIXLTD,2008-02-13,5.0,1,1,Fv Split Rs.10/- To Rs.2/
PHOENIXLTD,2024-09-20,2.0,1,1,Bonus 1:1
PIDILITIND,2010-03-15,2.0,1,1,Bonus 1:1
PIDILITIND,2025-09-23,2.0,1,1,Bonus 1:1
PIIND,2011-08-17,2.0,1,1,Face Value Split From Rs.10/- To Rs.5/-
PIIND,2013-04-12,5.0,1,1,Face Value Split From Rs.5/- Per Share To Re.1/- Per Share
PILANIINVS,2020-12-31,1.4,1,1, Bonus 2:5
PILITA,2016-08-24,4.0,1,1, Face Value Split (Sub-Division) - From Rs 4/- Per Share To Re 1/- Per Share
PINCON,2016-06-23,2.0,1,1, Bonus 1:1
PITTIENG,2015-04-16,2.0,1,1,Face Value Split (Sub-Division) - From Rs 10/- Per Share To Rs 5/- Per Share
PLASTIBLEN,2012-02-29,2.0,1,1,Face Value Split From Rs.10/- To Rs.5/-
PLASTIBLEN,2017-07-03,2.0,1,1, Bonus 1:1
PNB,2014-12-18,5.0,1,1,Face Value Split (Sub-Division) - From Rs 10/- Per Share To Rs 2/- Per Share
PNBGILTS,2013-07-03,1.3333333333,1,1,Bonus 1:3
PNCINFRA,2016-08-12,5.0,1,1, Face Value Split From Rs 10 To Rs 2
POCL,2024-10-16,2.0,1,1,Face Value Split (Sub-Division) - From Rs 10/- Per Share To Rs 5/- Per Share
POCL,2026-07-21,2.5,1,1,Face Value Split (Sub-Division) - From Rs 5/- Per Share To Rs 2/- Per Share
POKARNA,2017-10-18,5.0,1,1, Face Value Split (Sub-Division) - From Rs 10/- Per Share To Rs 2/- Per Share
POLYMED,2013-07-09,2.0,1,1,Bonus 1:1
POLYMED,2015-02-02,2.0,1,1,Face Value Split (Sub-Division) - From Rs 10/- Per Share To Rs 5/- Per Share
POLYMED,2017-03-24,2.0,1,1, Bonus 1:1
POLYPLEX,2010-12-23,2.0,1,1,Bonus 1:1
POONAWALLA,2010-08-13,5.0,1,1,Face Value Split From Rs.10/- To Rs.2/-
POWERGRID,2021-07-29,1.3333333333,1,1, Bonus 1:3
POWERGRID,2023-09-12,1.3333333333,1,1,Bonus 1:3
POWERMECH,2024-10-08,2.0,1,1,Bonus 1:1
PRADIP,2013-02-12,1.2,1,1,Bonus 1:5
PRAJIND,2007-07-18,2.0,1,1,Bonus 1:1
PRAKASHSTL,2016-03-03,10.0,1,1, Face Value Split (Sub-Division) - From Rs 10/- Per Share To Re 1/- Per Share
PRATIBHA,2010-07-30,5.0,1,1,Fv Split Rs.10/- To Rs.2/-
PRECOT,2013-10-03,1.5,1,1,Bonus 1:2
PRECWIRE,2016-03-21,2.0,1,1, Face Value Split (Sub-Division) - From Rs 10/- Per Share To Rs 5/- Per Share
PRECWIRE,2021-12-22,5.0,1,1, Face Value Split (Sub-Division) - From Rs 5/- Per Share To Re 1/- Per Share
PRECWIRE,2022-12-22,1.5,1,1,Bonus 1:2
PREMEXPLN,2024-06-21,5.0,1,1,Face Value Split (Sub-Division) - From Rs 10/- Per Share To Rs 2/- Per Share
PREMIERPOL,2024-11-05,5.0,1,1,Face Value Split (Sub-Division) - From Rs 5/- Per Share To Re 1/- Per Share
PROVOGUE,2008-10-03,5.0,1,1,Fv Split Rs.10/- To Rs.2/
PTL,2008-02-25,5.0,1,1,Fv Split Rs.10/- To Rs.2/
PTL,2021-12-23,2.0,1,1, Face Value Split (Sub-Division) - From Rs 2/- Per Share To Re 1/- Per Share
PUNJLLOYD,2007-03-29,5.0,1,1,Fv Split Rs.10/- To Rs.2/
RADHIKAJWE,2023-05-26,5.0,1,1,Face Value Split (Sub-Division) - From Rs 10/- Per Share To Rs 2/- Per Share
RADIOCITY,2019-02-20,5.0,1,1, Face Value Split (Sub-Division) - From Rs 10/- Per Share To Rs 2/- Per Share
RADIOCITY,2020-03-12,1.25,1,1, Bonus 1:4
RAIN,2011-06-15,5.0,1,1,Face Value Split From Rs.10/- To Rs.2/-
RAINBOWPAP,2010-08-11,5.0,1,1,Face Value Split From Rs.10/- To Rs.2/-
RAJESHEXPO,2008-01-29,6.0,1,2,Fv Spl-Rs2 To Re1/Bon-2:1
RAJMET,2021-09-02,1.5,1,1, Bonus 1:2
RAJMET,2022-09-15,1.5,1,1,Bonus 1:2
RAJMET,2022-11-30,10.0,1,1,Face Value Split (Sub-Division) - From Rs 10/- Per Share To Re 1/- Per Share
RAJPALAYAM,2011-07-13,2.0,1,1,Final Dividend Rs.7.50 Per Share And Special Dividend Rs.7.50 Per Share/Bonus 1:1 (Purpose Revised)
RAJRATAN,2022-03-15,5.0,1,1,Face Value Split (Sub-Division) - From Rs 10/- Per Share To Rs 2/- Per Share
RAJRAYON,2013-03-04,10.0,1,1,Face Value Split From Rs 10 To Re 1
RAJTV,2014-03-25,4.0,1,2,Bonus 1:1 / Face Value Split From Rs.10/- To Rs.5/-
RALLIS,2010-06-08,1.5,1,1,Bonus 1: 2
RALLIS,2011-07-15,10.0,1,1,Face Value Split From Rs.10/- To Re.1/-
RAMAPHO,2025-02-07,2.0,1,1,Face Value Split (Sub-Division) - From Rs 10/- Per Share To Rs 5/- Per Share
RAMASTEEL,2016-03-14,10.0,1,2, Bonus 4:1/Face Value Split (Sub-Division) - From Rs 10/- Per Share To Rs 5/- Per Share
RAMASTEEL,2022-08-25,5.0,1,1,Face Value Split (Sub-Division) - From Rs 5/- Per Share To Re 1/- Per Share
RAMASTEEL,2023-01-06,5.0,1,1,Bonus 4:1
RAMASTEEL,2024-03-19,3.0,1,1,Bonus 2:1
RAMCOCEM,2008-10-01,20.0,1,2,Fv Spl-Rs10tore1/Bon-1:1
RAMCOIND,2009-09-14,20.0,1,2,Fv Spl-Rs10tore1/Bon-1:1
RAMRAT,2022-09-28,2.0,1,1,Bonus 1:1
RAMRAT,2025-12-26,2.0,1,1,Bonus 1:1
RASOYPR,2013-03-21,15.0,1,2,Bonus 2:1 / Face Value Split From Rs. 5/- To Re. 1/-
RATNAMANI,2008-11-06,5.0,1,1,Fv Split Rs.10/- To Rs.2/
RATNAMANI,2022-06-30,1.5,1,1,Bonus 1:2
RECLTD,2016-09-28,2.0,1,1, Bonus 1:1
RECLTD,2022-08-17,1.3333333333,1,1,Bonus 1:3
REDINGTON,2010-08-20,5.0,1,1,Face Value Split From Rs.10/- To Rs.2/-
REDINGTON,2021-08-18,2.0,1,1, Bonus 1:1
REDTAPE,2025-02-04,4.0,1,1,Bonus 3:1
REFEX,2024-03-22,5.0,1,1,Face Value Split (Sub-Division) - From Rs 10/- Per Share To Rs 2/- Per Share
REIAGROLTD,2009-02-05,10.0,1,1,Fv Split Rs.10/- To Re.1/
REISIXTEN,2009-10-26,5.0,1,1,Fv Split Rs.10/- To Rs.2/
RELAXO,2013-11-22,5.0,1,1,Face Value Split From Rs.5/- To Re.1/-
RELAXO,2015-07-01,2.0,1,1,Bonus 1:1
RELAXO,2019-06-26,2.0,1,1, Bonus 1:1
RELIANCE,2009-11-26,2.0,1,1,Bonus 1:1
RELIANCE,2017-09-07,2.0,1,1, Bonus 1:1
RELIANCE,2024-10-28,2.0,1,1,Bonus 1:1
REMSONSIND,2024-07-05,5.0,1,1,Face Value Split (Sub-Division) - From Rs 10/- Per Share To Rs 2/- Per Share
RENUKA,2008-04-10,10.0,1,1,Fv Split Rs.10/- To Re.1/
RENUKA,2010-03-15,2.0,1,1,Bonus 1:1
RESURGERE,2010-09-15,30.0,1,2,Annual General Meeting/Bonus 2:1/Face Value Split From Rs.10/- To Re.1/-
RGL,2022-07-19,5.0,1,1,Face Value Split (Sub-Division) - From Rs 10/- Per Share To Rs 2/- Per Share
RITES,2019-08-08,1.25,1,1, Bonus  1:4
RITES,2024-09-20,2.0,1,1,Bonus 1:1
RKFORGE,2022-03-14,5.0,1,1,Face Value Split (Sub-Division) - From Rs 10/- Per Share To Rs 2/- Per Share
RMDRIP,2025-09-26,10.0,1,1,Face Value Split (Sub-Division) - From Rs 10/- Per Share To Re 1/- Per Share
RMDRIP,2026-04-10,1.7142857143,1,1,Bonus 5:7
RNBDENIMS,2026-04-02,3.0,2,2,Face Value Split (Sub-Division) - From Rs 2/- Per Share To Re 1/- Per Share | Bonus 1:2
ROLEXRINGS,2025-10-17,10.0,1,1,Face Value Split (Sub-Division) - From Rs 10/- Per Share To Re 1/- Per Share
ROLTA,2008-01-24,2.0,1,1,Bonus 1 : 1
ROTO,2023-07-07,2.0,1,1,Bonus 1:1
ROTO,2024-11-08,2.0,1,1,Face Value Split (Sub-Division) - From Rs 2/- Per Share To Re 1/- Per Share
ROTO,2025-07-11,3.0,1,1,Bonus 2:1
RPEL,2024-11-29,2.0,1,1,Bonus 1:1
RPOWER,2008-05-30,1.6,1,1,Bonus 3:5
RPPL,2024-02-26,3.0,1,1,Bonus 2:1
RPPL,2024-09-17,2.0,1,1,Face Value Split (Sub-Division) - From Rs 10/- Per Share To Rs 5/- Per Share
RSSOFTWARE,2010-06-21,1.28,1,1,Bonus 28:100
RSSOFTWARE,2015-01-21,2.0,1,1,Interim Dividend - Rs 1.50/- Per Share / Face Value Split - From Rs 10/- Per Share To Rs 5/- Per Share (Purpose Revised)
RSYSTEMS,2014-02-26,10.0,1,1,Face Value Split From Rs 10/- To Re 1/- Per Share
RUBYMILLS,2012-11-22,2.0,1,1,Face Value Split From Rs 10 To Rs 5
RUBYMILLS,2015-10-21,2.0,1,1, Bonus 1:1
RUBYMILLS,2022-09-23,2.0,1,1,Bonus 1:1
RUCHIRA,2022-10-10,1.1,1,1,Bonus 1:10
RUCHISOYA,2007-10-29,5.0,1,1,Fv Split Rs.10/- To Rs.2/
RUSHIL,2024-08-09,10.0,1,1,Face Value Split (Sub-Division) - From Rs 10/- Per Share To Re 1/- Per Share
SADBHAV,2010-12-07,10.0,1,1,Face Value Split From Rs.10/- To Re.1/-
SADHNANIQ,2023-07-05,1.2222222222,1,1,Bonus 2:9
SAFARI,2023-12-12,2.0,1,1,Bonus 1:1
SAGARDEEP,2020-10-05,1.5,1,1, Bonus 1:2
SAGCEM,2021-08-17,5.0,1,1, Face Value Split (Sub-Division) - From Rs 10/- Per Share To Rs 2/- Per Share
SAKSOFT,2022-09-23,10.0,1,1,Face Value Split (Sub-Division) - From Rs 10/- Per Share To Re 1/- Per Share
SAKSOFT,2024-09-19,1.25,1,1,Bonus 1:4
SAKUMA,2018-11-12,10.0,1,1, Face Value Split (Sub-Division) - From Rs 10/- Per Share To Re 1/- Per Share
SAKUMA,2024-08-09,5.0,1,1,Bonus 4:1
SALASAR,2021-07-13,2.0,1,1, Bonus 1:1
SALASAR,2022-06-27,10.0,1,1,Face Value Split (Sub-Division) - From Rs 10/- Per Share To Rs 1/- Per Share
SALASAR,2024-02-01,5.0,1,1,Bonus 4:1
SANDUMA,2024-02-02,6.0,1,1,Bonus 5:1
SANDUMA,2025-09-22,3.0,1,1,Bonus 2:1
SANGHVIMOV,2007-08-23,5.0,1,1,Fv Split Rs.10/- To Rs.2/
SANGHVIMOV,2024-09-27,2.0,1,1,Face Value Split (Sub-Division) - From Rs 2/- Per Share To Re 1/- Per Share
SANWARIA,2006-12-08,2.5,1,1,Fv Split Rs.5/- To Rs.2/
SANWARIA,2008-02-04,2.0,1,1,Fv Split Rs.2/- To Re.1/-
SANWARIA,2008-09-26,2.0,1,1,Bonus 1:1
SANWARIA,2011-04-07,2.0,1,1,Bonus 1:1
SANWARIA,2017-07-03,2.0,1,1, Bonus 1:1
SAPPHIRE,2024-09-05,5.0,1,1,Face Value Split (Sub-Division) - From Rs 10/- Per Share To Rs 2/- Per Share
SARDAEN,2023-08-04,10.0,1,1,Face Value Split (Sub-Division) - From Rs 10/- Per Share To Re 1/- Per Share
SAREGAMA,2022-04-26,10.0,1,1,Face Value Split (Sub-Division) - From Rs 10/- Per Share To Re 1/- Per Share
SARLAPOLY,2015-10-29,10.0,1,1, Face Value Split From Rs 10 To Re 1 (Record Date Revised)
SARVESHWAR,2023-09-15,30.0,2,2,Face Value Split (Sub-Division) - From Rs 10/- Per Share To Re 1/- Per Share | Bonus 2:1
SATIA,2019-10-15,10.0,1,1, Face Value Split (Sub-Division) - From Rs 10/- Per Share To Re 1/- Per Share
SATYAMCOMP,2006-10-09,2.0,1,1,Bonus-1:1
SAVERA,2010-10-25,2.0,1,1,Bonus 1:1
SBC,2022-02-22,20.0,2,2,Face Value Split (Sub-Division) - From Rs 10/- Per Share To Re 1/- Per Share | Bonus 1:1
SBC,2024-01-19,1.5,1,1,Bonus 1:2
SBC,2025-03-10,1.5,1,1,Bonus 1:2
SBCL,2022-10-12,1.5,1,1,Bonus 1:2
SBGLP,2024-04-18,10.0,1,1,Face Value Split (Sub-Division) - From Rs 10/- Per Share To Re 1/- Per Share
SBIN,2014-11-20,10.0,1,1,Face Value Split Rs.10/- To Re.1/- Per Share
SCHAEFFLER,2022-02-08,5.0,1,1,Face Value Split (Sub-Division) - From Rs 10/- Per Share To Rs 2/- Per Share
SCI,2008-10-29,1.5,1,1,Bonus 1:2
SDBL,2020-10-15,2.0,1,1, Face Value Split (Sub-Division) - From Rs 10/- Per Share To Rs 5/- Per Share
SDBL,2024-05-24,2.5,1,1,Face Value Split (Sub-Division) - From Rs 5/- Per Share To Rs 2/- Per Share
SECURCRED,2023-01-04,4.0,1,1,Bonus 3:1
SECURKLOUD,2016-10-10,2.6666666666,1,2, Bonus 1:3/Face Value Split (Sub-Division) - From Rs 10/- Per Share To Rs 5/- Per Share
SEINVEST,2010-04-05,5.0,1,1,Fv Split Rs.10 To Rs.2
SEINVEST,2010-05-18,4.0,1,1,Bonus 3:1
SEINVEST,2010-10-29,2.0,1,1,Face Value Split From Rs.2/- To Re.1/-
SENCO,2025-01-31,2.0,1,1,Face Value Split (Sub-Division) - From Rs 10/- Per Share To Rs 5/- Per Share
SERVOTECH,2023-02-03,5.0,1,1,Face Value Split (Sub-Division) - From Rs 10/- Per Share To Rs 2/- Per Share
SERVOTECH,2023-07-28,2.0,1,1,Face Value Split (Sub-Division) - From Rs 2/- Per Share To Re 1/- Per Share
SESHAPAPER,2019-08-19,5.0,1,1, Face Value Split (Sub-Division) - From Rs 10/- Per Share To Rs 2/- Per Share
SETUINFRA,2012-12-13,10.0,1,1,Face Value Split From Rs 10 To Re 1
SEZALGLASS,2010-10-21,10.0,1,1,Face Value Split From Rs.10/- To Re.1/-
SFL,2022-12-21,2.0,1,1,Bonus 1:1
SHAH,2016-10-13,10.0,1,1, Face Value Split From Rs 10 To Re 1
SHAILY,2023-11-23,5.0,1,1,Face Value Split (Sub-Division) - From Rs 10/- Per Share To Rs 2/- Per Share
SHAKTIPUMP,2024-11-25,6.0,1,1,Bonus 5:1
SHALPAINTS,2012-11-22,5.0,1,1,Face Value Split From Rs 10 To Rs 2
SHARDAMOTR,2021-04-16,5.0,1,1, Face Value Split (Sub-Division) - From Rs 10/- Per Share To Rs 2/- Per Share
SHARDAMOTR,2025-07-04,2.0,1,1,Bonus 1:1
SHAREINDIA,2024-06-27,5.0,1,1,Face Value Split (Sub-Division) - From Rs 10/- Per Share To Rs 2/- Per Share
SHARONBIO,2014-02-20,10.0,1,2,Bonus 1:1 / Face Value Split From 10/- To Face Value 2/-
SHEKHAWATI,2013-04-10,10.0,1,1,Face Value Split From Rs.10 To Re.1
SHILPAMED,2013-07-16,1.5,1,1,Annual General Meeting / Dividend - Rs 1.30/- Per Share / Bonus 1:2
SHILPAMED,2015-11-06,2.0,1,1, Face Value Split (Sub-Division) - From Rs 2/- Per Share To Re 1/- Per Share
SHILPAMED,2025-10-03,2.0,1,1,Bonus 1:1
SHILPI,2014-09-16,2.0,1,1,Bonus 1:1
SHIVAMAUTO,2014-10-30,5.0,1,1,Face Value Split From Rs.10/- To Rs.2/-
SHIVAMAUTO,2015-10-08,2.0,1,1, Bonus 1: 1
SHOPERSTOP,2011-01-12,2.0,1,1,Face Value Split From Rs.10/- To Rs.5/-
SHRADHA,2023-01-20,2.0,1,1,Face Value Split (Sub-Division) - From Rs 10/- Per Share To Rs 5/- Per Share
SHRADHA,2024-12-10,2.5,1,1,Face Value Split (Sub-Division) - From Rs 5/- Per Share To Rs 2/- Per Share
SHREEASHTA,2009-08-20,10.0,1,1,Fv Split Rs.10/- To Rs.1/
SHREEASHTA,2010-02-01,5.0,1,1,Bonus 4:1
SHRENIK,2020-10-08,6.0,2,2, Bonus 2:1 |  Face Value Split (Sub-Division) - From Rs 2/- Per Share To Re 1/- Per Share
SHRENUJ,2014-07-15,2.0,1,1,Annual General Meeting / Dividend - Re 0.60/- Per Share / Bonus 1 : 1
SHRIPISTON,2023-07-24,2.0,1,1,Bonus 1:1
SHRIRAMFIN,2025-01-10,5.0,1,1,Face Value Split (Sub-Division) - From Rs 10/- Per Share To Rs 2/- Per Share
SIEMENS,2006-06-13,5.0,1,1,Fv Split Rs.10/- To Rs.2/
SIEMENS,2008-02-29,2.0,1,1,Bonus 1:1
SIGACHI,2023-10-09,10.0,1,1,Face Value Split (Sub-Division) - From Rs 10/- Per Share To Re 1/- Per Share
SIGMA,2025-10-06,10.0,1,1,Face Value Split (Sub-Division) - From Rs 10/- Per Share To Re 1/- Per Share
SIGNET,2015-08-17,10.0,1,1, Face Value Split (Sub-Division) - From Rs 10/- Per Share To Rs 1/- Per Share
SIKKO,2022-10-28,1.5,1,1,Bonus 1:2
SIKKO,2025-11-27,10.0,1,1,Face Value Split (Sub-Division) - From Rs 10/- Per Share To Re 1/- Per Share
SIKKO,2025-12-08,2.0,1,1,Bonus 1:1
SILVERTUC,2026-03-06,10.0,2,2,Face Value Split (Sub-Division) - From Rs 10/- Per Share To Rs 2/- Per Share | Bonus 1:1
SIMPLEXINF,2006-09-13,5.0,1,1,Fv Split Rs.10/- To Rs.2/
SINTEX,2010-10-27,2.0,1,1,Face Value Split From Rs.2/- To Re.1/-
SIRCA,2023-05-11,2.0,1,1,Bonus 1:1
SIS,2020-01-15,2.0,1,1, Face Value Split (Sub-Division) - From Rs 10/- Per Share To Rs 5/- Per Share
SIYSIL,2017-10-25,5.0,1,1, Face Value Split (Sub-Division) - From Rs 10/- Per Share To Rs 2/- Per Share
SKMEGGPROD,2026-01-12,2.0,1,1,Face Value Split (Sub-Division) - From Rs 10/- Per Share To Rs 5/- Per Share
SKYGOLD,2024-12-16,10.0,1,1,Bonus 9:1
SMCGLOBAL,2025-11-14,2.0,1,1,Bonus 1:1
SMSPHARMA,2015-12-17,10.0,1,1, Face Value Split (Sub-Division) - From Rs 10/- Per Share To Re 1/- Per Share
SOMANYCERA,2010-11-11,5.0,1,1,Face Value Split From Rs.10/- To Rs.2/-
SONAMLTD,2022-07-14,2.0,1,1,Bonus 1:1
SONAMLTD,2024-05-10,2.0,1,1,Face Value Split (Sub-Division) - From Rs 10/- Per Share To Rs 5/- Per Share
SONATSOFTW,2022-09-08,1.3333333333,1,1,Bonus 1:3
SONATSOFTW,2023-12-12,2.0,1,1,Bonus 1:1
SOTL,2007-01-17,1.6666666667,1,1,Bonus 2:3
SOTL,2022-09-01,5.0,1,1,Face Value Split (Sub-Division) - From Rs 10/- Per Share To Rs 2/- Per Share
SOUISPAT,2014-09-22,10.0,1,1,Annual General Meeting And Face Value Split From Rs.10/- To Re.1/-
SOUTHBANK,2008-10-16,1.25,1,1,Bonus 1:4
SOUTHBANK,2010-09-23,10.0,1,1,Face Value Split From Rs.10/- To Re.1/-
SPLPETRO,2023-01-06,2.0,1,1,Face Value Split (Sub-Division) - From Rs 4/- Per Share To Rs 2/- Per Share
SPORTKING,2024-09-13,10.0,1,1,Face Value Split (Sub-Division) - From Rs 10/- Per Share To Re 1/- Per Share
SREINFRA,2011-02-10,1.8,1,1,Bonus 4:5 (Pursuant To Scheme Of Amalgamation)
SRF,2021-10-13,5.0,1,1, Bonus 4:1
SRPL,2023-05-19,10.0,1,1,Face Value Split (Sub-Division) - From Rs 10/- Per Share To Re 1/- Per Share
SRSLTD,2015-06-25,2.0,1,1,Bonus 1:1
SSWL,2021-11-18,2.0,1,1, Face Value Split (Sub-Division) - From Rs 10/- Per Share To Rs 5/- Per Share
SSWL,2022-11-10,5.0,1,1,Face Value Split (Sub-Division) - From Rs 5/- Per Share To Re 1/- Per Share
STCINDIA,2008-03-19,2.0,1,1,Bonus - 1:1
STEELCAS,2025-08-29,5.0,1,1,Face Value Split (Sub-Division) - From Rs 5/- Per Share To Re 1/- Per Share
STEELXIND,2022-07-12,10.0,1,1,Face Value Split (Sub-Division) - From Rs 10/- Per Share To Re 1/- Per Share
STER,2006-05-05,5.0,1,2,Fv Spl-Rs5 To Rs2/Bon 1:1
STER,2010-06-21,4.0,1,2,Bonus 1:1 And Face Value Split From Rs.2/- To Re.1/-
STLTECH,2010-03-09,5.0,1,2,Bon 1:1/Fv Spl Rs.5tors.2
SUBROS,2007-11-20,5.0,1,1,Fv Split Rs.10/- To Rs.2/
SUDARSCHEM,2014-09-30,10.0,1,2,Bonus 1 : 1 / Face Value Split From Rs 10/- To Rs 2/- Per Share
SUJANATOW,2011-01-10,5.0,1,1,Face Value Split From Rs.5/- To Re.1/-
SUKHJITS,2024-10-25,2.0,1,1,Face Value Split (Sub-Division) - From Rs 10/- Per Share To Rs 5/- Per Share
SUMEETINDS,2018-08-02,1.25,1,1, Bonus 1:4
SUMEETINDS,2025-10-03,5.0,1,1,Face Value Split (Sub-Division) - From Rs 10/- Per Share To Rs 2/- Per Share
SUNCLAYTON,2009-10-09,2.0,1,1,Bonus 1:1
SUNDARAM,2012-04-13,3.0,1,1,Bonus 2:1
SUNDARMFIN,2008-08-22,2.0,1,1,Bonus 1:1
SUNDARMFIN,2012-12-13,2.0,1,1,Bonus 1:1
SUNDRMFAST,2007-01-04,2.0,1,1,Bonus-1:1
SUNILHITEC,2016-12-01,20.0,1,2, Bonus 1:1/Face Value Split (Sub-Division) - From Rs 10/- Per Share To Re 1/- Per Share
SUNPHARMA,2010-11-25,5.0,1,1,Face Value Split From Rs.5/- To Re.1/-
SUNPHARMA,2013-07-29,2.0,1,1,Bonus 1:1
SUNTECK,2017-07-25,2.0,1,1, Face Value Split (Sub-Division) - From Rs 2/- Per Share To Rs 1/- Per Share
SUNTV,2007-07-23,4.0,1,1,Agm/Spl/Bon-1:1/Div-20% | verified override: Combined 10-to-5 face-value split and 1-for-1 bonus
SUPERSPIN,2006-09-01,10.0,1,1,Fv Split Rs.10/- To Re.1/
SUPRAJIT,2010-03-18,10.0,1,2,Bon 1:1/Fv Spl Rs.5tore.1
SUPREMEENG,2022-03-03,10.0,1,1,Face Value Split (Sub-Division) - From Rs 10/- Per Share To Re 1/- Per Share
SUPREMEIND,2006-11-13,2.0,1,1,Bonus 1:1
SUPREMEIND,2010-10-18,5.0,1,1,Face Value Split From Rs.10/- To Rs.2/-
SURANASOL,2014-11-25,2.0,1,1,Face Value Split (Sub-Division) - From Rs 10/- Per Share To Rs 5/- Per Share
SURANAT&P,2014-11-25,5.0,1,1,Face Value Split (Sub-Division) - From Rs 5/- Per Share To Re 1/- Per Share
SURYAPHARM,2010-12-23,10.0,1,1,Face Value Split From Rs.10/- To Re.1/-
SURYAROSNI,2023-10-06,2.0,1,1,Face Value Split (Sub-Division) - From Rs 10/- Per Share To Rs 5/- Per Share
SURYAROSNI,2025-01-01,2.0,1,1,Bonus 1:1
SUTLEJTEX,2013-06-27,1.5,1,1,Bonus 1:2
SUTLEJTEX,2017-09-26,10.0,1,1, Face Value Split (Sub-Division) - From Rs 10/- Per Share To Re 1/- Per Share
SUULD,2022-03-30,2.0,1,1,Bonus 1:1
SUVEN,2007-03-23,4.0,1,2,Fv Spl-Rs2 To Re1/Bon-1:1
SUZLON,2008-01-21,5.0,1,1,Fv Split Rs.10/- To Rs.2/
SWANCORP,2014-02-03,2.0,1,1,Face Value Split From Rs 2/- To Re 1/-
SWELECTES,2009-10-14,2.0,1,1,Bonus 1:1
SWELECTES,2019-08-22,1.5,1,1, Bonus 1:2
SYMPHONY,2012-02-15,5.0,1,1,Face Value Split Rs.10/- To Rs.2/-
SYMPHONY,2016-09-14,2.0,1,1, Bonus 1:1
SYNGENE,2019-06-11,2.0,1,1, Bonus 1:1
TAKE,2008-09-18,10.0,1,1,Fv Split-Rs10/- To Re.1/-
TALBROAUTO,2023-10-27,5.0,1,1,Face Value Split (Sub-Division) - From Rs 10/- Per Share To Rs 2/- Per Share
TANLA,2008-05-02,2.0,1,1,Fv Split Rs.2/- To Re.1/-
TARACHAND,2024-12-05,5.0,1,1,Face Value Split (Sub-Division) - From Rs 10/- Per Share To Rs 2/- Per Share
TARIL,2013-06-13,1.1111111111,1,1,Bonus 1:9
TARIL,2017-09-28,10.0,1,1, Face Value Split (Sub-Division) - From Rs 10/- Per Share To Re 1/- Per Share
TARIL,2025-02-14,2.0,1,1,Bonus 1:1
TATACOFFEE,2015-01-23,10.0,1,1,Face Value Split (Sub-Division): From Rs 10/- Per Share To Re 1/- Per Share
TATACONSUM,2010-06-30,10.0,1,1,Face Value Split From Rs.10/- To Re.1/-
TATAELXSI,2017-09-18,2.0,1,1, Bonus 1:1
TATAINVEST,2025-10-14,10.0,1,1,Face Value Split (Sub-Division) - From Rs 10/- Per Share To Re 1/- Per Share
TATAMTRDVR,2011-09-12,5.0,1,1,Face Value Split From Rs.10/- To Rs.2/-
TATAPOWER,2011-09-26,10.0,1,1,Face Value Split From Rs.10/- To Re.1/-
TATASTEEL,2022-07-28,10.0,1,1,Face Value Split (Sub-Division) - From Rs 10/- Per Share To Re 1/- Per Share
TATASTLBSL,2010-09-21,5.0,1,1,Annual General Meeting / Dividend Rs.2.50 Per Share And Face Value Split From Rs.10/- To Rs.2/-
TCI,2006-12-05,5.0,1,1,Fv Split Rs.10/- To Rs.2/
TCS,2006-07-28,2.0,1,1,Intdiv-Rs 3persh/Bonus1:1
TCS,2009-06-16,2.0,1,1,Bonus 1:1/Div-Rs.5 Per Sh
TCS,2018-05-31,2.0,1,1, Bonus 1:1 /Dividend- Rs 29 Per Share
TDPOWERSYS,2022-10-31,5.0,1,1,Face Value Split (Sub-Division) - From Rs 10/- Per Share To Rs 2/- Per Share
TDPOWERSYS,2026-08-24,2.0,1,1,Face Value Split (Sub-Division) - From Rs 2/- Per Share To Re 1/- Per Share
TECHM,2015-03-19,4.0,1,2,Bonus 1:1 / Face Value Split - From Rs 10/- Per Share To Rs 5/- Per Share
TECHNO,2016-09-06,2.0,1,1, Bonus 1:1
TEMBO,2026-08-05,10.0,1,1,Face Value Split (Sub-Division) - From Rs 10/- Per Share To Re 1/- Per Share
TEXINFRA,2009-01-01,10.0,1,1,Fv Split Rs.10/- To Re.1/
TFCILTD,2025-09-19,5.0,1,1,Face Value Split (Sub-Division) - From Rs 10/- Per Share To Rs 2/- Per Share
THANGAMAYL,2023-07-17,2.0,1,1,Bonus 1:1
THEBYKE,2014-10-09,2.0,1,1,Bonus 1:1
THEMISMED,2023-10-10,10.0,1,1,Face Value Split (Sub-Division) - From Rs 10/- Per Share To Re 1/- Per Share
THOMASCOOK,2007-05-14,10.0,1,1,Fv Split Rs.10/- To Re.1/
THYROCARE,2025-11-28,3.0,1,1,Bonus 2:1
TI,2010-09-28,3.0,1,1,Bonus 2:1
TIMETECHNO,2008-10-29,10.0,1,1,Fv Split Rs.10/- To Re.1/Record Date Revised
TIMETECHNO,2025-09-23,2.0,1,1,Bonus 1:1
TIPSMUSIC,2023-04-21,10.0,1,1,Face Value Split (Sub-Division) - From Rs 10/- Per Share To Re 1/- Per Share
TIRUMALCHM,2018-08-14,10.0,1,1, Face Value Split (Sub-Division) - From Rs 10/- Per Share To Re 1/- Per Share
TIRUPATIFL,2021-10-07,8.75,2,2, Face Value Split (Sub-Division) - From Rs 10/- Per Share To Rs 2/- Per Share |  Bonus 3:4
TITAGARH,2015-04-23,5.0,1,1,Face Value Split (Sub-Division) - From Rs 10/- Per Share To Rs 2/- Per Share
TITAN,2011-06-23,20.0,1,2,Bonus 1:1 / Face Value Split From Rs.10/- To Re.1/-
TMPV,2011-09-12,5.0,1,1,Face Value Split From Rs.10/- To Rs.2/-
TORNTPHARM,2013-07-23,2.0,1,1,Bonus 1:1
TORNTPHARM,2022-07-08,2.0,1,1,Bonus 1:1
TPHQ,2023-12-14,10.0,1,1,Face Value Split (Sub-Division) - From Rs 10/- Per Share To Re 1/- Per Share
TPLPLASTEH,2021-09-16,2.0,1,1, Bonus 1:1
TPLPLASTEH,2022-10-19,5.0,1,1,Face Value Split (Sub-Division) - From Rs 10/- Per Share To Rs 2/- Per Share
TRENT,2016-09-12,10.0,1,1, Face Value Split From Rs 10 To Re 1
TRENT,2026-06-04,1.5,1,1,Bonus 1:2
TRICOM,2008-07-15,5.0,1,1,Fv Split Rs.10/- To Rs.2/
TRIDENT,2019-12-13,10.0,1,1, Face Value Split (Sub-Division) - From Rs 10/- Per Share To Rs 1/- Per Share
TTKPRESTIG,2019-05-15,1.2,1,1, Bonus 1:5
TTKPRESTIG,2021-12-14,10.0,1,1, Face Value Split (Sub-Division) - From Rs 10 Per Share To Re 1 Per Share
TTL,2025-02-12,10.0,1,1,Face Value Split (Sub-Division) - From Rs 10/- Per Share To Re 1/- Per Share
TTML,2013-08-07,1.1333333333,1,1,Bonus 2:15
TUBEINVEST,2006-05-31,5.0,1,1,Fv Split Rs.10/- To Rs.2/
TULIP,2010-07-06,5.0,1,1,Fv Split Rs.10/- To Rs.2/-
TULSI,2011-01-07,1.1,1,1,Bonus 1:10 (Record Date Revised)
TV-18,2007-10-17,2.0,1,1,Bonus 1:1
TV18BRDCST,2008-02-21,5.0,1,1,Fv Split Rs.10/- To Rs.2/
TVSMOTOR,2010-09-08,2.0,1,1,Bonus 1:1
UEL,2024-09-20,1.25,1,1,Bonus 1:4
UEL,2025-05-30,1.68,1,1,Bonus 17:25
UEL,2025-10-10,3.0,1,1,Bonus 2:1
UJAAS,2012-12-21,10.0,1,1,Face Value Split From Rs 10 To Re 1
UNICHEMLAB,2010-10-21,2.5,1,1,Interim Dividend Rs.3/- Per Share And Face Value Split From Rs.5/- To Rs.2/- (Purpose Revised)
UNIPLY,2018-06-25,5.0,1,1, Face Value Split (Sub-Division) - From Rs 10/- Per Share To Rs 2/- Per Share
UNITDSPR,2018-06-15,5.0,1,1, Face Value Split (Sub-Division) - From Rs 10/- Per Share To Rs 2/- Per Share
UNITECH,2006-06-23,65.0,1,2,Fv Spl-Rs10tors2/Bon-12:1
UNITECH,2007-08-30,2.0,1,1,Bonus 1:1
UNITEDPOLY,2025-05-02,10.0,1,1,Face Value Split (Sub-Division) - From Rs 10/- Per Share To Re 1/- Per Share
UNITY,2010-04-07,5.0,1,1,Fv Split Rs.10 To Rs.2
UNIVASTU,2025-10-13,3.0,1,1,Bonus 2:1
UNIWESTBNK,2006-01-17,1.2,1,1,Bonus - 1:5/Rights - 1:2
UNOMINDA,2016-09-12,5.0,1,1, Face Value Split From Rs 10 To Rs 2
UNOMINDA,2018-07-11,3.0,1,1, Bonus 2:1/Dividend- Rs 1.60 Per Share
UNOMINDA,2022-07-07,2.0,1,1,Bonus 1:1
UPL,2008-10-29,2.0,1,1,Bonus 1:1
UPL,2019-07-02,1.5,1,1, Bonus 1:2
USHAMART,2007-08-29,5.0,1,1,Fv Split Rs.5/- To Re.1/
UTIUS64-CI,2002-10-25,32.0,1,1,Split Us 64 Into 2 Parts
V2RETAIL,2026-03-25,10.0,1,1,Face Value Split (Sub-Division) - From Rs 10/- Per Share To Re 1/- Per Share
VAIBHAVGBL,2021-05-07,5.0,1,1, Face Value Split (Sub-Division) - From Rs 10/- Per Share To Rs 2/- Per Share
VAISHALI,2024-10-15,10.0,2,2,Face Value Split (Sub-Division) - From Rs 10/- Per Share To Rs 2/- Per Share | Bonus 1:1
VAKRANGEE,2012-04-12,20.0,1,2,Bonus 1:1 And Face Value Split From Rs.10/- To Re.1/-
VAKRANGEE,2017-12-21,2.0,1,1, Bonus 1:1
VALECHAENG,2007-10-04,1.5,1,1,Bonus 1:2
VALECHAENG,2008-10-01,1.5,1,1,Bonus 1:2
VALIANTORG,2020-12-24,2.0,1,1, Bonus 1:1
VARDMNPOLY,2024-05-17,10.0,1,1,Face Value Split (Sub-Division) - From Rs 10/- Per Share To Re 1/- Per Share
VASWANI,2011-09-29,1.25,1,1,Bonus 1:4
VBL,2019-07-25,1.5,1,1, Bonus 1:2
VBL,2021-06-10,1.5,1,1, Bonus 1:2
VBL,2022-06-06,1.5,1,1,Bonus 1:2
VBL,2023-06-15,2.0,1,1,Face Value Split (Sub-Division) - From Rs 10/- Per Share To Rs 5/- Per Share
VBL,2024-09-12,2.5,1,1,Face Value Split (Sub-Division) - From Rs 5/- Per Share To Rs 2/- Per Share
VCL,2023-02-15,2.0,1,1,Face Value Split (Sub-Division) - From Rs 2/- Per Share To Re 1/- Per Share
VEDL,2008-08-08,20.0,1,2,Fv Spl-Rs10tore1/Bon-1:1
VEEDOL,2016-03-16,4.0,1,2, Bonus 1:1/Face Value Split (Sub-Division) - From Rs 10/- Per Share To Rs 5/- Per Share
VEEDOL,2021-07-26,5.0,2,2, Face Value Split (Sub-Division) - From Rs 5/- Per Share To Re 2/- Per Share |  Bonus 1:1
VENKEYS,2015-12-21,1.5,1,1, Bonus 1:2
VERTOZ,2024-07-05,20.0,2,2,Bonus 1:1 | Face Value Split (Sub-Division) - From Rs 10/- Per Share To Re 1/- Per Share
VERTOZ,2025-06-25,0.1,1,1,Consolidation Of Equity Shares From Re 1 Per Share To Rs 10 Per Share
VESUVIUS,2025-06-10,10.0,1,1,Face Value Split (Sub-Division) - From Rs 10/- Per Share To Re 1/- Per Share
VGL,2026-03-02,2.0,1,1,Face Value Split (Sub-Division) - From Rs 10/- Per Share To Rs 5/- Per Share
VGUARD,2016-08-30,10.0,1,1, Face Value Split From Rs 10 To Re 1
VGUARD,2017-03-15,1.4,1,1, Bonus 2:5
VIJIFIN,2017-08-04,1.1,1,1, Bonus 1:10
VIKASECO,2014-03-27,10.0,1,1,Face Value Split From Rs 10/- To Re 1/-
VIKASECO,2014-11-13,2.5,1,1,Bonus 3 : 2
VIMTALABS,2025-06-13,2.0,1,1,Bonus 1:1
VINATIORGA,2009-10-30,5.0,1,1,Fv Spl-Rs10tors2/Div-1.50record Date Revised
VINATIORGA,2020-02-05,2.0,1,1, Face Value Split (Sub-Division) - From Rs 2/- Per Share To Rs 1/- Per Share
VINNY,2023-02-24,23.0,2,2,Face Value Split (Sub-Division) - From Rs 10/- Per Share To Re 1/- Per Share | Bonus 13:10
VIPIND,2011-10-31,5.0,1,1,Face Value Split From Rs.10/- To Rs.2/-
VIPUL,2010-05-04,2.0,1,1,Fv Split Rs.2/- To Re.1/-
VISAKAIND,2023-05-15,5.0,1,1,Face Value Split (Sub-Division) - From Rs 10/- Per Share To Rs 2/- Per Share
VISESHINFO,2013-01-03,10.0,1,1,Face Value Split From Rs 10 To Re 1
VISESHINFO,2013-03-07,1.1,1,1,Bonus 1 : 10
VISHAL,2020-12-16,1.5,1,1, Bonus 1:2
VISHAL,2022-03-10,3.0,1,1,Bonus 2:1
VISHNU,2023-01-13,5.0,1,1,Face Value Split (Sub-Division) - From Rs 10/- Per Share To Rs 2/- Per Share
VISHWARAJ,2021-10-21,5.0,1,1, Face Value Split (Sub-Division) - From Rs 10/- Per Share To Rs 2/- Per Share
VIVIDHA,2015-05-28,11.0,1,1,Bonus 10:1
VIVIDHA,2016-03-30,1.3333333333,1,1, Bonus 1:3
VIVIMEDLAB,2016-04-06,5.0,1,1, Face Value Split (Sub-Division) - From Rs 10/- Per Share To Rs 2/- Per Share
VKSPL,2013-02-27,10.0,1,1,Face Value Split From Rs 10 To Re 1
VKSPL,2013-05-03,3.5,1,1,Bonus 5:2
VMART,2025-06-23,4.0,1,1,Bonus 3:1
VOLTAS,2006-09-22,10.0,1,1,Fv Split Rs.10/- To Re.1/
VRLLOG,2025-08-14,2.0,1,1,Bonus 1:1
VSSL,2023-05-26,2.0,1,1,Bonus 1:1
VSTIND,2024-09-06,11.0,1,1,Bonus 10:1
VTL,2022-03-24,5.0,1,1,Face Value Split (Sub-Division) - From Rs 10/- Per Share To Rs 2/- Per Share
VTMLTD,2012-08-16,10.0,1,1,Face Value Split From  Rs.10/- To Re.1/-
WABAG,2011-08-16,2.5,1,1,Face Value Split From Rs.5/- To Rs.2/-
WABAG,2015-03-26,2.0,1,1,Bonus 1 : 1
WALCHANNAG,2008-02-25,10.0,1,2,Fv Spl-Rs10tors2/Bon-1:1
WEBELSOLAR,2009-12-29,2.0,1,1,Bonus 1:1
WEBELSOLAR,2025-11-14,10.0,1,1,Face Value Split (Sub-Division) - From Rs 10/- Per Share To Re 1/- Per Share
WEL,2024-11-12,10.0,1,1,Face Value Split (Sub-Division) - From Rs 10/- Per Share To Re 1/- Per Share
WELSPUNLIV,2016-03-21,10.0,1,1, Interim Div - Rs 6/- Per Share + Face Value Split (Sub-Division) - From Rs 10/- Per Share To Re 1/- Per Share
WHEELS,2018-08-08,2.0,1,1, Bonus 1:1
WINSOMYARN,2010-01-21,10.0,1,1,Fv Split Rs.10 To Re.1
WIPRO,2010-06-15,1.6666666667,1,1,Bonus 2:3 And Final Dividend Rs.6/- Per Share
WIPRO,2017-06-13,2.0,1,1, Bonus 1:1
WIPRO,2019-03-06,1.3333333333,1,1, Bonus 1:3
WIPRO,2024-12-03,2.0,1,1,Bonus 1:1
WSTCSTPAPR,2007-10-26,5.0,1,1,Fv Split Rs.10/- To Rs.2/
XPROINDIA,2022-07-01,1.5,1,1,Bonus 1:2
YESBANK,2017-09-21,5.0,1,1, Face Value Split (Sub-Division) - From Rs 10/- Per Share To Rs 2/- Per Share
ZANDUREALT,2007-01-18,1.3333333333,1,1,Bonus 1:3
ZEEL,2010-11-11,2.0,1,1,Bonus 1:1
ZENITHSTL,2010-08-11,1.2,1,1,Bonus 1:5
ZENSARTECH,2010-07-21,2.0,1,1,Dividend Rs.5.50 Per Share And Bonus 1:1
ZENSARTECH,2018-09-07,5.0,1,1, Face Value Split (Sub-Division) - From Rs 10 /- Per Share To Rs 2/- Per Share
ZFCVINDIA,2026-06-24,6.0,1,1,Bonus 5:1
ZIMLAB,2022-12-22,3.0,1,1,Bonus 2:1
ZODIACLOTH,2010-08-23,1.5,1,1,Bonus 1:2
ZODIACLOTH,2011-09-27,1.5,1,1,Bonus 1:2
ZYDUSLIFE,2006-08-30,2.0,1,1,Bonus 1:1
ZYDUSLIFE,2010-04-05,1.5,1,1,Bonus 1: 2
ZYDUSLIFE,2015-10-06,5.0,1,1, Face Value Split (Sub-Division) - From Rs 5/- Per Share To Re 1/- Per Share
ZYDUSWELL,2025-09-18,5.0,1,1,Face Value Split (Sub-Division) - From Rs 10/- Per Share To Rs 2/- Per Share
ZYLOG,2012-06-29,2.0,1,1,Face Value Split From Rs 10 To Rs 5
